"600000","浦发银行"
"600004","白云机场"
"600006","东风汽车"
"600007","中国国贸"
"600008","首创环保"
"600009","上海机场"
"600010","包钢股份"
"600011","华能国际"
"600012","皖通高速"
"600015","华夏银行"
"600016","民生银行"
"600017","日照港"
"600018","上港集团"
"600019","宝钢股份"
"600020","中原高速"
"600021","上海电力"
"600022","山东钢铁"
"600023","浙能电力"
"600025","华能水电"
"600026","中远海能"
"600027","华电国际"
"600028","中国石化"
"600029","南方航空"
"600030","中信证券"
"600031","三一重工"
"600032","浙江新能"
"600033","福建高速"
"600035","楚天高速"
"600036","招商银行"
"600037","歌华有线"
"600038","中直股份"
"600039","四川路桥"
"600048","保利发展"
"600050","中国联通"
"600051","宁波联合"
"600052","东望时代"
"600053","九鼎投资"
"600054","黄山旅游"
"600055","万东医疗"
"600056","中国医药"
"600057","厦门象屿"
"600058","五矿发展"
"600059","古越龙山"
"600060","海信视像"
"600061","国投资本"
"600062","华润双鹤"
"600063","皖维高新"
"600064","南京高科"
"600066","宇通客车"
"600067","冠城大通"
"600070","*ST富润"
"600071","凤凰光学"
"600072","中船科技"
"600073","上海梅林"
"600075","新疆天业"
"600076","康欣新材"
"600078","ST澄星"
"600079","人福医药"
"600080","金花股份"
"600081","东风科技"
"600082","海泰发展"
"600083","*ST博信"
"600084","中信尼雅"
"600085","同仁堂"
"600088","中视传媒"
"600089","特变电工"
"600094","大名城"
"600095","湘财股份"
"600096","云天化"
"600097","开创国际"
"600098","广州发展"
"600099","林海股份"
"600100","同方股份"
"600101","明星电力"
"600103","青山纸业"
"600104","上汽集团"
"600105","永鼎股份"
"600106","重庆路桥"
"600107","美尔雅"
"600108","亚盛集团"
"600109","国金证券"
"600110","诺德股份"
"600111","北方稀土"
"600112","*ST天成"
"600113","浙江东日"
"600114","东睦股份"
"600115","中国东航"
"600116","三峡水利"
"600117","*ST西钢"
"600118","中国卫星"
"600119","长江投资"
"600120","浙江东方"
"600121","郑州煤电"
"600123","兰花科创"
"600125","铁龙物流"
"600126","杭钢股份"
"600127","金健米业"
"600128","苏豪弘业"
"600129","太极集团"
"600130","波导股份"
"600131","国网信通"
"600132","重庆啤酒"
"600133","东湖高新"
"600135","乐凯胶片"
"600136","*ST明诚"
"600137","浪莎股份"
"600138","中青旅"
"600141","兴发集团"
"600143","金发科技"
"600148","长春一东"
"600149","廊坊发展"
"600150","中国船舶"
"600151","航天机电"
"600152","维科技术"
"600153","建发股份"
"600155","华创云信"
"600156","华升股份"
"600157","永泰能源"
"600158","中体产业"
"600159","大龙地产"
"600160","巨化股份"
"600161","天坛生物"
"600162","香江控股"
"600163","中闽能源"
"600165","*ST宁科"
"600166","福田汽车"
"600167","联美控股"
"600168","武汉控股"
"600169","太原重工"
"600170","上海建工"
"600171","上海贝岭"
"600172","黄河旋风"
"600173","卧龙地产"
"600176","中国巨石"
"600177","雅戈尔"
"600178","东安动力"
"600179","安通控股"
"600180","瑞茂通"
"600182","S佳通"
"600183","生益科技"
"600184","光电股份"
"600185","格力地产"
"600186","莲花健康"
"600187","国中水务"
"600188","兖矿能源"
"600189","泉阳泉"
"600190","锦州港"
"600191","华资实业"
"600192","长城电工"
"600193","创兴资源"
"600195","中牧股份"
"600196","复星医药"
"600197","伊力特"
"600198","大唐电信"
"600199","金种子酒"
"600200","江苏吴中"
"600201","生物股份"
"600202","哈空调"
"600203","福日电子"
"600206","有研新材"
"600207","安彩高科"
"600208","新湖中宝"
"600210","紫江企业"
"600211","西藏药业"
"600212","绿能慧充"
"600213","*ST亚星"
"600215","派斯林"
"600216","浙江医药"
"600217","中再资环"
"600218","全柴动力"
"600219","南山铝业"
"600220","ST阳光"
"600221","海航控股"
"600222","太龙药业"
"600223","福瑞达"
"600225","卓朗科技"
"600226","瀚叶股份"
"600227","赤天化"
"600228","返利科技"
"600229","城市传媒"
"600230","沧州大化"
"600231","凌钢股份"
"600232","金鹰股份"
"600233","圆通速递"
"600234","*ST科新"
"600235","民丰特纸"
"600236","桂冠电力"
"600237","铜峰电子"
"600238","海南椰岛"
"600239","云南城投"
"600241","时代万恒"
"600243","青海华鼎"
"600246","万通发展"
"600248","陕建股份"
"600249","两面针"
"600250","南京商旅"
"600251","冠农股份"
"600252","中恒集团"
"600255","鑫科材料"
"600256","广汇能源"
"600257","大湖股份"
"600258","首旅酒店"
"600259","广晟有色"
"600261","阳光照明"
"600262","北方股份"
"600265","ST景谷"
"600266","城建发展"
"600267","海正药业"
"600268","国电南自"
"600269","赣粤高速"
"600271","航天信息"
"600272","开开实业"
"600273","嘉化能源"
"600276","恒瑞医药"
"600277","ST亿利"
"600278","东方创业"
"600279","重庆港"
"600280","中央商场"
"600281","华阳新材"
"600282","南钢股份"
"600283","钱江水利"
"600284","浦东建设"
"600285","羚锐制药"
"600287","江苏舜天"
"600288","大恒科技"
"600289","*ST信通"
"600292","远达环保"
"600293","三峡新材"
"600295","鄂尔多斯"
"600297","广汇汽车"
"600298","安琪酵母"
"600299","安迪苏"
"600300","维维股份"
"600301","华锡有色"
"600302","标准股份"
"600303","ST曙光"
"600305","恒顺醋业"
"600306","*ST商城"
"600307","酒钢宏兴"
"600308","华泰股份"
"600309","万华化学"
"600310","广西能源"
"600312","平高电气"
"600313","农发种业"
"600315","上海家化"
"600316","洪都航空"
"600318","新力金融"
"600319","亚星化学"
"600320","振华重工"
"600321","正源股份"
"600322","津投城开"
"600323","瀚蓝环境"
"600325","华发股份"
"600326","西藏天路"
"600327","大东方"
"600328","中盐化工"
"600329","达仁堂"
"600330","天通股份"
"600331","宏达股份"
"600332","白云山"
"600333","长春燃气"
"600335","国机汽车"
"600336","澳柯玛"
"600337","美克家居"
"600338","西藏珠峰"
"600339","中油工程"
"600340","华夏幸福"
"600343","航天动力"
"600345","长江通信"
"600346","恒力石化"
"600348","华阳股份"
"600350","山东高速"
"600351","亚宝药业"
"600352","浙江龙盛"
"600353","旭光电子"
"600354","敦煌种业"
"600355","精伦电子"
"600356","恒丰纸业"
"600358","国旅联合"
"600359","新农开发"
"600360","ST华微"
"600361","创新新材"
"600362","江西铜业"
"600363","联创光电"
"600365","ST通葡"
"600366","宁波韵升"
"600367","红星发展"
"600368","五洲交通"
"600369","西南证券"
"600370","三房巷"
"600371","万向德农"
"600372","中航机载"
"600373","中文传媒"
"600375","*ST汉马"
"600376","首开股份"
"600377","宁沪高速"
"600378","昊华科技"
"600379","宝光股份"
"600380","健康元"
"600381","ST春天"
"600382","广东明珠"
"600383","金地集团"
"600386","北巴传媒"
"600387","*ST海越"
"600388","龙净环保"
"600389","江山股份"
"600390","五矿资本"
"600391","航发科技"
"600392","盛和资源"
"600395","盘江股份"
"600396","*ST金山"
"600397","安源煤业"
"600398","海澜之家"
"600399","抚顺特钢"
"600400","红豆股份"
"600403","大有能源"
"600405","动力源"
"600406","国电南瑞"
"600408","安泰集团"
"600409","三友化工"
"600410","华胜天成"
"600415","小商品城"
"600416","湘电股份"
"600418","江淮汽车"
"600419","天润乳业"
"600420","国药现代"
"600421","华嵘控股"
"600422","昆药集团"
"600423","柳化股份"
"600425","青松建化"
"600426","华鲁恒升"
"600428","中远海特"
"600429","三元股份"
"600433","冠豪高新"
"600435","北方导航"
"600436","片仔癀"
"600438","通威股份"
"600439","瑞贝卡"
"600444","国机通用"
"600446","金证股份"
"600448","华纺股份"
"600449","宁夏建材"
"600452","涪陵电力"
"600455","博通股份"
"600456","宝钛股份"
"600458","时代新材"
"600459","贵研铂业"
"600460","士兰微"
"600461","洪城环境"
"600462","*ST九有"
"600463","空港股份"
"600467","好当家"
"600468","百利电气"
"600469","风神股份"
"600470","六国化工"
"600475","华光环能"
"600476","湘邮科技"
"600477","杭萧钢构"
"600478","科力远"
"600479","千金药业"
"600480","凌云股份"
"600481","双良节能"
"600482","中国动力"
"600483","福能股份"
"600486","扬农化工"
"600487","亨通光电"
"600488","津药药业"
"600489","中金黄金"
"600490","鹏欣资源"
"600491","龙元建设"
"600493","凤竹纺织"
"600495","晋西车轴"
"600496","精工钢构"
"600497","驰宏锌锗"
"600498","烽火通信"
"600499","科达制造"
"600500","中化国际"
"600501","航天晨光"
"600502","安徽建工"
"600503","华丽家族"
"600505","西昌电力"
"600506","统一股份"
"600507","方大特钢"
"600508","上海能源"
"600509","天富能源"
"600510","黑牡丹"
"600511","国药股份"
"600512","腾达建设"
"600513","联环药业"
"600515","海南机场"
"600516","方大炭素"
"600517","国网英大"
"600518","ST康美"
"600519","贵州茅台"
"600520","文一科技"
"600521","华海药业"
"600522","中天科技"
"600523","贵航股份"
"600525","长园集团"
"600526","菲达环保"
"600527","江南高纤"
"600528","中铁工业"
"600529","山东药玻"
"600530","ST交昂"
"600531","豫光金铅"
"600533","栖霞建设"
"600535","天士力"
"600536","中国软件"
"600537","亿晶光电"
"600538","国发股份"
"600539","狮头股份"
"600540","新赛股份"
"600543","*ST莫高"
"600545","卓郎智能"
"600546","山煤国际"
"600547","山东黄金"
"600548","深高速"
"600549","厦门钨业"
"600550","保变电气"
"600551","时代出版"
"600552","凯盛科技"
"600556","天下秀"
"600557","康缘药业"
"600558","大西洋"
"600559","老白干酒"
"600560","金自天正"
"600561","江西长运"
"600562","国睿科技"
"600563","法拉电子"
"600565","ST迪马"
"600566","济川药业"
"600567","山鹰国际"
"600568","ST中珠"
"600569","安阳钢铁"
"600570","恒生电子"
"600571","信雅达"
"600572","康恩贝"
"600573","惠泉啤酒"
"600575","淮河能源"
"600576","祥源文旅"
"600577","精达股份"
"600578","京能电力"
"600579","克劳斯"
"600580","卧龙电驱"
"600581","八一钢铁"
"600582","天地科技"
"600583","海油工程"
"600584","长电科技"
"600585","海螺水泥"
"600586","金晶科技"
"600587","新华医疗"
"600588","用友网络"
"600589","*ST榕泰"
"600590","泰豪科技"
"600592","龙溪股份"
"600593","大连圣亚"
"600594","益佰制药"
"600595","中孚实业"
"600596","新安股份"
"600597","光明乳业"
"600598","北大荒"
"600599","ST熊猫"
"600600","青岛啤酒"
"600601","方正科技"
"600602","云赛智联"
"600603","广汇物流"
"600604","市北高新"
"600605","汇通能源"
"600606","绿地控股"
"600608","ST沪科"
"600609","金杯汽车"
"600610","中毅达"
"600611","大众交通"
"600612","老凤祥"
"600613","神奇制药"
"600615","丰华股份"
"600616","金枫酒业"
"600617","国新能源"
"600618","氯碱化工"
"600619","海立股份"
"600620","天宸股份"
"600621","华鑫股份"
"600622","光大嘉宝"
"600623","华谊集团"
"600624","复旦复华"
"600626","申达股份"
"600628","新世界"
"600629","华建集团"
"600630","龙头股份"
"600633","浙数文化"
"600635","大众公用"
"600636","国新文化"
"600637","东方明珠"
"600638","新黄浦"
"600639","浦东金桥"
"600640","国脉文化"
"600641","万业企业"
"600642","申能股份"
"600643","爱建集团"
"600644","乐山电力"
"600645","中源协和"
"600647","*ST同达"
"600648","外高桥"
"600649","城投控股"
"600650","锦江在线"
"600651","飞乐音响"
"600653","申华控股"
"600654","ST中安"
"600655","豫园股份"
"600657","信达地产"
"600658","电子城"
"600660","福耀玻璃"
"600661","昂立教育"
"600662","外服控股"
"600663","陆家嘴"
"600664","哈药股份"
"600665","天地源"
"600666","ST瑞德"
"600667","太极实业"
"600668","尖峰集团"
"600671","*ST目药"
"600673","东阳光"
"600674","川投能源"
"600675","中华企业"
"600676","交运股份"
"600678","四川金顶"
"600679","上海凤凰"
"600681","百川能源"
"600682","南京新百"
"600683","京投发展"
"600684","珠江股份"
"600685","中船防务"
"600686","金龙汽车"
"600688","上海石化"
"600689","上海三毛"
"600690","海尔智家"
"600691","阳煤化工"
"600692","亚通股份"
"600693","东百集团"
"600694","大商股份"
"600696","岩石股份"
"600697","欧亚集团"
"600698","湖南天雁"
"600699","均胜电子"
"600702","舍得酒业"
"600703","三安光电"
"600704","物产中大"
"600705","中航产融"
"600706","曲江文旅"
"600707","彩虹股份"
"600708","光明地产"
"600710","苏美达"
"600711","盛屯矿业"
"600712","南宁百货"
"600713","南京医药"
"600714","金瑞矿业"
"600715","*ST文投"
"600716","凤凰股份"
"600717","天津港"
"600718","东软集团"
"600719","大连热电"
"600720","中交设计"
"600721","百花医药"
"600722","金牛化工"
"600724","宁波富达"
"600725","云维股份"
"600726","华电能源"
"600727","鲁北化工"
"600728","佳都科技"
"600729","重庆百货"
"600730","中国高科"
"600731","湖南海利"
"600732","爱旭股份"
"600733","北汽蓝谷"
"600734","ST实达"
"600735","新华锦"
"600736","苏州高新"
"600737","中粮糖业"
"600738","丽尚国潮"
"600739","辽宁成大"
"600740","山西焦化"
"600741","华域汽车"
"600742","一汽富维"
"600743","华远地产"
"600744","华银电力"
"600745","闻泰科技"
"600746","江苏索普"
"600748","上实发展"
"600749","西藏旅游"
"600750","江中药业"
"600751","海航科技"
"600753","庚星股份"
"600754","锦江酒店"
"600755","厦门国贸"
"600756","浪潮软件"
"600757","长江传媒"
"600758","辽宁能源"
"600759","ST洲际"
"600760","中航沈飞"
"600761","安徽合力"
"600763","通策医疗"
"600764","中国海防"
"600765","中航重机"
"600766","*ST园城"
"600768","宁波富邦"
"600769","祥龙电业"
"600770","综艺股份"
"600771","广誉远"
"600773","西藏城投"
"600774","汉商集团"
"600775","南京熊猫"
"600776","东方通信"
"600777","ST新潮"
"600778","友好集团"
"600779","水井坊"
"600780","通宝能源"
"600782","新钢股份"
"600783","鲁信创投"
"600784","鲁银投资"
"600785","新华百货"
"600787","中储股份"
"600789","鲁抗医药"
"600790","轻纺城"
"600791","京能置业"
"600792","云煤能源"
"600793","宜宾纸业"
"600794","保税科技"
"600795","国电电力"
"600796","钱江生化"
"600797","浙大网新"
"600798","宁波海运"
"600800","渤海化学"
"600801","华新水泥"
"600802","福建水泥"
"600803","新奥股份"
"600804","*ST鹏博"
"600805","悦达投资"
"600807","济南高新"
"600808","马钢股份"
"600809","山西汾酒"
"600810","神马股份"
"600811","东方集团"
"600812","华北制药"
"600814","杭州解百"
"600815","厦工股份"
"600816","建元信托"
"600817","宇通重工"
"600818","中路股份"
"600819","耀皮玻璃"
"600820","隧道股份"
"600821","金开新能"
"600822","上海物贸"
"600823","*ST世茂"
"600824","益民集团"
"600825","新华传媒"
"600826","兰生股份"
"600827","百联股份"
"600828","茂业商业"
"600829","人民同泰"
"600830","香溢融通"
"600831","广电网络"
"600833","第一医药"
"600834","申通地铁"
"600835","上海机电"
"600836","*ST易连"
"600837","海通证券"
"600838","上海九百"
"600839","四川长虹"
"600841","动力新科"
"600843","上工申贝"
"600844","丹化科技"
"600845","宝信软件"
"600846","同济科技"
"600847","万里股份"
"600848","上海临港"
"600850","电科数字"
"600851","海欣股份"
"600853","龙建股份"
"600854","春兰股份"
"600855","航天长峰"
"600857","宁波中百"
"600858","银座股份"
"600859","王府井"
"600860","京城股份"
"600861","北京人力"
"600862","中航高科"
"600863","内蒙华电"
"600864","哈投股份"
"600865","百大集团"
"600866","星湖科技"
"600867","通化东宝"
"600868","梅雁吉祥"
"600869","远东股份"
"600871","石化油服"
"600872","中炬高新"
"600873","梅花生物"
"600874","创业环保"
"600875","东方电气"
"600876","凯盛新能"
"600877","电科芯片"
"600879","航天电子"
"600880","博瑞传播"
"600881","亚泰集团"
"600882","妙可蓝多"
"600883","博闻科技"
"600884","杉杉股份"
"600885","宏发股份"
"600886","国投电力"
"600887","伊利股份"
"600888","新疆众和"
"600889","南京化纤"
"600892","大晟文化"
"600893","航发动力"
"600894","广日股份"
"600895","张江高科"
"600897","厦门空港"
"600898","*ST美讯"
"600900","长江电力"
"600901","江苏金租"
"600903","贵州燃气"
"600905","三峡能源"
"600906","财达证券"
"600908","无锡银行"
"600909","华安证券"
"600916","中国黄金"
"600917","重庆燃气"
"600918","中泰证券"
"600919","江苏银行"
"600925","苏能股份"
"600926","杭州银行"
"600927","永安期货"
"600928","西安银行"
"600929","雪天盐业"
"600933","爱柯迪"
"600935","华塑股份"
"600936","广西广电"
"600938","中国海油"
"600939","重庆建工"
"600941","中国移动"
"600955","维远股份"
"600956","新天绿能"
"600958","东方证券"
"600959","江苏有线"
"600960","渤海汽车"
"600961","株冶集团"
"600962","国投中鲁"
"600963","岳阳林纸"
"600965","福成股份"
"600966","博汇纸业"
"600967","内蒙一机"
"600968","海油发展"
"600969","郴电国际"
"600970","中材国际"
"600971","恒源煤电"
"600973","宝胜股份"
"600975","新五丰"
"600976","健民集团"
"600977","中国电影"
"600979","广安爱众"
"600980","北矿科技"
"600981","汇鸿集团"
"600982","宁波能源"
"600983","惠而浦"
"600984","建设机械"
"600985","淮北矿业"
"600986","浙文互联"
"600987","航民股份"
"600988","赤峰黄金"
"600989","宝丰能源"
"600990","四创电子"
"600992","贵绳股份"
"600993","马应龙"
"600995","南网储能"
"600996","贵广网络"
"600997","开滦股份"
"600998","九州通"
"600999","招商证券"
"601000","唐山港"
"601001","晋控煤业"
"601002","晋亿实业"
"601003","柳钢股份"
"601005","重庆钢铁"
"601006","大秦铁路"
"601007","金陵饭店"
"601008","连云港"
"601009","南京银行"
"601010","文峰股份"
"601011","宝泰隆"
"601012","隆基绿能"
"601015","陕西黑猫"
"601016","节能风电"
"601018","宁波港"
"601019","山东出版"
"601020","华钰矿业"
"601021","春秋航空"
"601022","宁波远洋"
"601028","玉龙股份"
"601033","永兴股份"
"601038","一拖股份"
"601058","赛轮轮胎"
"601059","信达证券"
"601061","中信金属"
"601065","江盐集团"
"601066","中信建投"
"601068","中铝国际"
"601069","西部黄金"
"601077","渝农商行"
"601083","锦江航运"
"601086","国芳集团"
"601088","中国神华"
"601089","福元医药"
"601096","宏盛华源"
"601098","中南传媒"
"601099","太平洋"
"601100","恒立液压"
"601101","昊华能源"
"601106","中国一重"
"601107","四川成渝"
"601108","财通证券"
"601111","中国国航"
"601113","华鼎股份"
"601116","三江购物"
"601117","中国化学"
"601118","海南橡胶"
"601121","宝地矿业"
"601126","四方股份"
"601127","赛力斯"
"601128","常熟银行"
"601133","柏诚股份"
"601136","首创证券"
"601137","博威合金"
"601138","工业富联"
"601139","深圳燃气"
"601155","新城控股"
"601156","东航物流"
"601158","重庆水务"
"601162","天风证券"
"601163","三角轮胎"
"601166","兴业银行"
"601168","西部矿业"
"601169","北京银行"
"601177","杭齿前进"
"601179","中国西电"
"601186","中国铁建"
"601187","厦门银行"
"601188","龙江交通"
"601198","东兴证券"
"601199","江南水务"
"601200","上海环境"
"601208","东材科技"
"601211","国泰君安"
"601212","白银有色"
"601216","君正集团"
"601218","吉鑫科技"
"601222","林洋能源"
"601225","陕西煤业"
"601226","华电重工"
"601228","广州港"
"601229","上海银行"
"601231","环旭电子"
"601233","桐昆股份"
"601236","红塔证券"
"601238","广汽集团"
"601279","英利汽车"
"601288","农业银行"
"601298","青岛港"
"601311","骆驼股份"
"601318","中国平安"
"601319","中国人保"
"601326","秦港股份"
"601328","交通银行"
"601330","绿色动力"
"601333","广深铁路"
"601336","新华保险"
"601339","百隆东方"
"601360","三六零"
"601366","利群股份"
"601368","绿城水务"
"601369","陕鼓动力"
"601375","中原证券"
"601377","兴业证券"
"601388","怡球资源"
"601390","中国中铁"
"601398","工商银行"
"601399","国机重装"
"601456","国联证券"
"601500","通用股份"
"601512","中新集团"
"601515","东峰集团"
"601518","吉林高速"
"601519","大智慧"
"601528","瑞丰银行"
"601555","东吴证券"
"601566","九牧王"
"601567","三星医疗"
"601568","北元集团"
"601577","长沙银行"
"601579","会稽山"
"601588","北辰实业"
"601595","上海电影"
"601598","中国外运"
"601599","浙文影业"
"601600","中国铝业"
"601601","中国太保"
"601606","长城军工"
"601607","上海医药"
"601608","中信重工"
"601609","金田股份"
"601611","中国核建"
"601615","明阳智能"
"601616","广电电气"
"601618","中国中冶"
"601619","嘉泽新能"
"601628","中国人寿"
"601633","长城汽车"
"601636","旗滨集团"
"601658","邮储银行"
"601665","齐鲁银行"
"601666","平煤股份"
"601668","中国建筑"
"601669","中国电建"
"601677","明泰铝业"
"601678","滨化股份"
"601686","友发集团"
"601688","华泰证券"
"601689","拓普集团"
"601696","中银证券"
"601698","中国卫通"
"601699","潞安环能"
"601700","风范股份"
"601702","华峰铝业"
"601717","郑煤机"
"601718","际华集团"
"601727","上海电气"
"601728","中国电信"
"601766","中国中车"
"601777","力帆科技"
"601778","晶科科技"
"601788","光大证券"
"601789","宁波建工"
"601798","蓝科高新"
"601799","星宇股份"
"601800","中国交建"
"601801","皖新传媒"
"601808","中海油服"
"601811","新华文轩"
"601816","京沪高铁"
"601818","光大银行"
"601825","沪农商行"
"601827","三峰环境"
"601828","美凯龙"
"601838","成都银行"
"601857","中国石油"
"601858","中国科传"
"601860","紫金银行"
"601865","福莱特"
"601866","中远海发"
"601868","中国能建"
"601869","长飞光纤"
"601872","招商轮船"
"601877","正泰电器"
"601878","浙商证券"
"601880","辽港股份"
"601881","中国银河"
"601882","海天精工"
"601886","江河集团"
"601888","中国中免"
"601890","亚星锚链"
"601898","中煤能源"
"601899","紫金矿业"
"601900","南方传媒"
"601901","方正证券"
"601908","京运通"
"601916","浙商银行"
"601918","新集能源"
"601919","中远海控"
"601921","浙版传媒"
"601928","凤凰传媒"
"601929","吉视传媒"
"601933","永辉超市"
"601939","建设银行"
"601949","中国出版"
"601952","苏垦农发"
"601956","东贝集团"
"601958","金钼股份"
"601963","重庆银行"
"601965","中国汽研"
"601966","玲珑轮胎"
"601968","宝钢包装"
"601969","海南矿业"
"601975","招商南油"
"601985","中国核电"
"601988","中国银行"
"601989","中国重工"
"601990","南京证券"
"601991","大唐发电"
"601992","金隅集团"
"601995","中金公司"
"601996","丰林集团"
"601997","贵阳银行"
"601998","中信银行"
"601999","出版传媒"
"603000","人民网"
"603001","ST奥康"
"603002","宏昌电子"
"603003","*ST龙宇"
"603004","鼎龙科技"
"603005","晶方科技"
"603006","联明股份"
"603007","ST花王"
"603008","喜临门"
"603009","北特科技"
"603010","万盛股份"
"603011","合锻智能"
"603012","创力集团"
"603013","亚普股份"
"603015","弘讯科技"
"603016","新宏泰"
"603017","中衡设计"
"603018","华设集团"
"603019","中科曙光"
"603020","爱普股份"
"603021","山东华鹏"
"603022","新通联"
"603023","*ST威帝"
"603025","大豪科技"
"603026","胜华新材"
"603027","千禾味业"
"603028","赛福天"
"603029","天鹅股份"
"603030","*ST全筑"
"603031","安孚科技"
"603032","德新科技"
"603033","三维股份"
"603035","常熟汽饰"
"603036","如通股份"
"603037","凯众股份"
"603038","华立股份"
"603039","泛微网络"
"603040","新坐标"
"603041","美思德"
"603042","华脉科技"
"603043","广州酒家"
"603045","福达合金"
"603048","浙江黎明"
"603050","科林电气"
"603051","鹿山新材"
"603052","可川科技"
"603053","成都燃气"
"603055","台华新材"
"603056","德邦股份"
"603057","紫燕食品"
"603058","永吉股份"
"603059","倍加洁"
"603060","国检集团"
"603061","金海通"
"603062","麦加芯彩"
"603063","禾望电气"
"603065","宿迁联盛"
"603066","音飞储存"
"603067","振华股份"
"603068","博通集成"
"603069","海汽集团"
"603070","万控智造"
"603071","物产环能"
"603073","彩蝶实业"
"603075","热威股份"
"603076","乐惠国际"
"603077","和邦生物"
"603078","江化微"
"603079","圣达生物"
"603080","新疆火炬"
"603081","大丰实业"
"603082","北自科技"
"603083","剑桥科技"
"603085","天成自控"
"603086","先达股份"
"603087","甘李药业"
"603088","宁波精达"
"603089","正裕工业"
"603090","宏盛股份"
"603093","南华期货"
"603095","越剑智能"
"603096","新经典"
"603097","江苏华辰"
"603098","森特股份"
"603099","长白山"
"603100","川仪股份"
"603101","汇嘉时代"
"603102","百合股份"
"603103","横店影视"
"603105","芯能科技"
"603106","恒银科技"
"603107","上海汽配"
"603108","润达医疗"
"603109","神驰机电"
"603110","东方材料"
"603111","康尼机电"
"603112","华翔股份"
"603113","金能科技"
"603115","海星股份"
"603116","红蜻蜓"
"603117","ST万林"
"603118","共进股份"
"603119","浙江荣泰"
"603121","华培动力"
"603122","合富中国"
"603123","翠微股份"
"603125","常青科技"
"603126","中材节能"
"603127","昭衍新药"
"603128","华贸物流"
"603129","春风动力"
"603130","云中马"
"603131","上海沪工"
"603132","金徽股份"
"603133","*ST碳元"
"603135","中重科技"
"603136","天目湖"
"603137","恒尚节能"
"603138","海量数据"
"603139","康惠制药"
"603150","万朗磁塑"
"603151","邦基科技"
"603153","上海建科"
"603155","新亚强"
"603156","养元饮品"
"603158","腾龙股份"
"603159","上海亚虹"
"603160","汇顶科技"
"603161","科华控股"
"603162","海通发展"
"603163","圣晖集成"
"603165","荣晟环保"
"603166","福达股份"
"603167","渤海轮渡"
"603168","莎普爱思"
"603169","兰石重装"
"603170","宝立食品"
"603171","税友股份"
"603172","万丰股份"
"603173","福斯达"
"603176","汇通集团"
"603177","德创环保"
"603178","圣龙股份"
"603179","新泉股份"
"603180","金牌厨柜"
"603181","皇马科技"
"603182","嘉华股份"
"603183","建研院"
"603185","弘元绿能"
"603186","华正新材"
"603187","海容冷链"
"603188","亚邦股份"
"603189","网达软件"
"603190","亚通精工"
"603191","望变电气"
"603192","汇得科技"
"603193","润本股份"
"603195","公牛集团"
"603196","日播时尚"
"603197","保隆科技"
"603198","迎驾贡酒"
"603199","九华旅游"
"603200","上海洗霸"
"603201","常润股份"
"603203","快克智能"
"603206","嘉环科技"
"603208","江山欧派"
"603209","兴通股份"
"603211","晋拓股份"
"603212","赛伍技术"
"603213","镇洋发展"
"603214","爱婴室"
"603215","比依股份"
"603216","梦天家居"
"603217","元利科技"
"603218","日月股份"
"603219","富佳股份"
"603220","中贝通信"
"603221","爱丽家居"
"603222","济民医疗"
"603223","恒通股份"
"603225","新凤鸣"
"603226","菲林格尔"
"603227","雪峰科技"
"603228","景旺电子"
"603229","奥翔药业"
"603230","内蒙新华"
"603231","索宝蛋白"
"603232","格尔软件"
"603233","大参林"
"603235","天新药业"
"603236","移远通信"
"603237","五芳斋"
"603238","诺邦股份"
"603239","浙江仙通"
"603255","鼎际得"
"603256","宏和科技"
"603258","电魂网络"
"603259","药明康德"
"603260","合盛硅业"
"603261","立航科技"
"603266","天龙股份"
"603267","鸿远电子"
"603268","松发股份"
"603269","海鸥股份"
"603270","金帝股份"
"603272","联翔股份"
"603273","天元智能"
"603275","众辰科技"
"603276","恒兴新材"
"603277","银都股份"
"603278","大业股份"
"603279","景津装备"
"603280","南方路机"
"603281","江瀚新材"
"603282","亚光股份"
"603283","赛腾股份"
"603286","日盈电子"
"603288","海天味业"
"603289","泰瑞机器"
"603290","斯达半导"
"603291","联合水务"
"603296","华勤技术"
"603297","永新光学"
"603298","杭叉集团"
"603299","苏盐井神"
"603300","华铁应急"
"603301","振德医疗"
"603303","得邦照明"
"603305","旭升集团"
"603306","华懋科技"
"603307","扬州金泉"
"603308","应流股份"
"603309","维力医疗"
"603311","金海高科"
"603312","西典新能"
"603313","梦百合"
"603315","福鞍股份"
"603316","诚邦股份"
"603317","天味食品"
"603318","水发燃气"
"603319","湘油泵"
"603320","迪贝电气"
"603321","梅轮电梯"
"603322","超讯通信"
"603323","苏农银行"
"603324","盛剑环境"
"603325","博隆技术"
"603326","我乐家居"
"603327","福蓉科技"
"603328","依顿电子"
"603329","上海雅仕"
"603330","天洋新材"
"603331","百达精工"
"603332","苏州龙杰"
"603333","尚纬股份"
"603335","迪生力"
"603336","宏辉果蔬"
"603337","杰克股份"
"603338","浙江鼎力"
"603339","四方科技"
"603341","龙旗科技"
"603344","星德胜"
"603345","安井食品"
"603348","文灿股份"
"603351","威尔药业"
"603353","和顺石油"
"603355","莱克电气"
"603356","华菱精工"
"603357","设计总院"
"603358","华达科技"
"603359","东珠生态"
"603360","百傲化学"
"603363","*ST傲农"
"603365","水星家纺"
"603366","日出东方"
"603367","辰欣药业"
"603368","柳药集团"
"603369","今世缘"
"603373","安邦护卫"
"603375","盛景微"
"603377","ST东时"
"603378","亚士创能"
"603379","三美股份"
"603380","易德龙"
"603383","顶点软件"
"603385","惠达卫浴"
"603386","骏亚科技"
"603387","基蛋生物"
"603388","ST元成"
"603389","亚振家居"
"603390","通达电气"
"603392","万泰生物"
"603393","新天然气"
"603396","金辰股份"
"603398","沐邦高科"
"603399","吉翔股份"
"603408","建霖家居"
"603416","信捷电气"
"603421","鼎信通讯"
"603429","集友股份"
"603439","贵州三力"
"603444","吉比特"
"603456","九洲药业"
"603458","勘设股份"
"603466","风语筑"
"603477","巨星农牧"
"603486","科沃斯"
"603488","展鹏科技"
"603489","八方股份"
"603496","恒为科技"
"603499","翔港科技"
"603500","DR祥和实"
"603501","韦尔股份"
"603505","金石资源"
"603506","南都物业"
"603507","振江股份"
"603508","思维列控"
"603511","爱慕股份"
"603515","欧普照明"
"603516","淳中科技"
"603517","绝味食品"
"603518","锦泓集团"
"603519","立霸股份"
"603520","司太立"
"603527","众源新材"
"603528","多伦科技"
"603529","爱玛科技"
"603530","神马电力"
"603533","掌阅科技"
"603535","嘉诚国际"
"603536","惠发食品"
"603538","美诺华"
"603551","奥普家居"
"603556","海兴电力"
"603557","ST起步"
"603558","健盛集团"
"603559","*ST通脉"
"603565","中谷物流"
"603566","普莱柯"
"603567","珍宝岛"
"603568","伟明环保"
"603569","长久物流"
"603577","汇金通"
"603578","三星新材"
"603579","荣泰健康"
"603580","艾艾精工"
"603583","捷昌驱动"
"603585","苏利股份"
"603586","金麒麟"
"603587","地素时尚"
"603588","高能环境"
"603589","口子窖"
"603590","康辰药业"
"603595","东尼电子"
"603596","伯特利"
"603598","引力传媒"
"603599","广信股份"
"603600","永艺股份"
"603601","再升科技"
"603602","纵横通信"
"603605","珀莱雅"
"603606","东方电缆"
"603607","京华激光"
"603608","*ST天创"
"603609","禾丰股份"
"603610","麒盛科技"
"603611","诺力股份"
"603612","索通发展"
"603613","国联股份"
"603615","茶花股份"
"603616","韩建河山"
"603617","君禾股份"
"603618","杭电股份"
"603619","中曼石油"
"603626","科森科技"
"603628","清源股份"
"603629","利通电子"
"603630","拉芳家化"
"603633","徕木股份"
"603636","南威软件"
"603637","镇海股份"
"603638","艾迪精密"
"603639","海利尔"
"603648","畅联股份"
"603650","彤程新材"
"603655","朗博科技"
"603656","泰禾智能"
"603657","春光科技"
"603658","安图生物"
"603659","璞泰来"
"603660","苏州科达"
"603661","恒林股份"
"603662","柯力传感"
"603663","三祥新材"
"603665","康隆达"
"603666","亿嘉和"
"603667","五洲新春"
"603668","天马科技"
"603669","灵康药业"
"603676","卫信康"
"603677","奇精机械"
"603678","火炬电子"
"603679","华体科技"
"603680","今创集团"
"603681","永冠新材"
"603682","锦和商管"
"603683","晶华新材"
"603685","晨丰科技"
"603686","福龙马"
"603687","大胜达"
"603688","石英股份"
"603689","皖天然气"
"603690","至纯科技"
"603693","江苏新能"
"603696","安记食品"
"603697","有友食品"
"603698","航天工程"
"603699","纽威股份"
"603700","宁水集团"
"603701","德宏股份"
"603703","盛洋科技"
"603706","东方环宇"
"603707","健友股份"
"603708","家家悦"
"603709","中源家居"
"603711","香飘飘"
"603712","七一二"
"603713","密尔克卫"
"603716","塞力医疗"
"603717","天域生态"
"603718","海利生物"
"603719","良品铺子"
"603721","中广天择"
"603722","阿科力"
"603725","天安新材"
"603726","朗迪集团"
"603727","博迈科"
"603728","鸣志电器"
"603729","龙韵股份"
"603730","岱美股份"
"603733","仙鹤股份"
"603737","三棵树"
"603738","泰晶科技"
"603739","蔚蓝生物"
"603755","日辰股份"
"603757","大元泵业"
"603758","秦安股份"
"603759","海天股份"
"603766","隆鑫通用"
"603767","中马传动"
"603768","常青股份"
"603773","沃格光电"
"603776","永安行"
"603777","来伊份"
"603778","国晟科技"
"603779","威龙股份"
"603786","科博达"
"603787","新日股份"
"603788","宁波高发"
"603789","星光农机"
"603790","雅运股份"
"603797","联泰环保"
"603798","康普顿"
"603799","华友钴业"
"603800","道森股份"
"603801","志邦家居"
"603803","瑞斯康达"
"603806","福斯特"
"603808","歌力思"
"603809","豪能股份"
"603810","丰山集团"
"603811","诚意药业"
"603813","原尚股份"
"603815","交建股份"
"603816","顾家家居"
"603817","海峡环保"
"603818","曲美家居"
"603819","神力股份"
"603822","嘉澳环保"
"603823","百合花"
"603825","华扬联众"
"603826","坤彩科技"
"603828","ST柯利达"
"603829","洛凯股份"
"603833","欧派家居"
"603836","海程邦达"
"603838","四通股份"
"603839","安正时尚"
"603843","正平股份"
"603848","好太太"
"603855","华荣股份"
"603856","东宏股份"
"603858","步长制药"
"603859","能科科技"
"603860","中公高科"
"603861","白云电器"
"603863","松炀资源"
"603866","桃李面包"
"603867","新化股份"
"603868","飞科电器"
"603869","ST智知"
"603871","嘉友国际"
"603876","鼎胜新材"
"603877","太平鸟"
"603878","武进不锈"
"603879","ST永悦"
"603880","ST南卫"
"603881","数据港"
"603882","金域医学"
"603883","老百姓"
"603885","吉祥航空"
"603886","元祖股份"
"603887","城地香江"
"603888","新华网"
"603889","新澳股份"
"603890","春秋电子"
"603893","瑞芯微"
"603895","天永智能"
"603896","寿仙谷"
"603897","长城科技"
"603898","好莱客"
"603899","晨光股份"
"603900","莱绅通灵"
"603901","永创智能"
"603903","中持股份"
"603906","龙蟠科技"
"603908","牧高笛"
"603909","建发合诚"
"603912","佳力图"
"603915","国茂股份"
"603916","苏博特"
"603917","合力科技"
"603918","金桥信息"
"603919","金徽酒"
"603920","世运电路"
"603922","金鸿顺"
"603926","铁流股份"
"603927","中科软"
"603928","兴业股份"
"603929","亚翔集成"
"603931","格林达"
"603933","睿能科技"
"603936","博敏电子"
"603937","丽岛新材"
"603938","三孚股份"
"603939","益丰药房"
"603948","建业股份"
"603949","雪龙集团"
"603950","长源东谷"
"603955","大千生态"
"603956","威派格"
"603958","哈森股份"
"603959","ST百利"
"603960","克来机电"
"603963","*ST大药"
"603966","法兰泰克"
"603967","中创物流"
"603968","醋化股份"
"603969","银龙股份"
"603970","中农立华"
"603976","正川股份"
"603977","国泰集团"
"603978","深圳新星"
"603979","金诚信"
"603980","吉华集团"
"603982","泉峰汽车"
"603983","丸美股份"
"603985","恒润股份"
"603986","兆易创新"
"603987","康德莱"
"603988","XD中电电"
"603989","艾华集团"
"603990","麦迪科技"
"603991","至正股份"
"603992","松霖科技"
"603993","洛阳钼业"
"603995","甬金股份"
"603997","继峰股份"
"603998","方盛制药"
"603999","读者传媒"
"605001","威奥股份"
"605003","众望布艺"
"605005","合兴股份"
"605006","山东玻纤"
"605007","五洲特纸"
"605008","长鸿高科"
"605009","豪悦护理"
"605011","杭州热电"
"605016","百龙创园"
"605018","长华集团"
"605020","永和股份"
"605028","世茂能源"
"605033","美邦股份"
"605050","福然德"
"605055","迎丰股份"
"605056","咸亨国际"
"605058","澳弘电子"
"605060","联德股份"
"605066","天正电气"
"605068","明新旭腾"
"605069","正和生态"
"605077","华康股份"
"605080","浙江自然"
"605081","太和水"
"605086","龙高股份"
"605088","冠盛股份"
"605089","味知香"
"605090","九丰能源"
"605098","行动教育"
"605099","共创草坪"
"605100","华丰股份"
"605108","同庆楼"
"605111","新洁能"
"605116","奥锐特"
"605117","德业股份"
"605118","力鼎光电"
"605122","四方新材"
"605123","派克新材"
"605128","上海沿浦"
"605133","嵘泰股份"
"605136","丽人丽妆"
"605138","盛泰集团"
"605151","西上海"
"605155","西大门"
"605158","华达新材"
"605162","XD新中港"
"605166","聚合顺"
"605167","利柏特"
"605168","三人行"
"605169","洪通燃气"
"605177","东亚药业"
"605178","时空科技"
"605179","一鸣食品"
"605180","华生科技"
"605183","确成股份"
"605186","健麾信息"
"605188","国光连锁"
"605189","富春染织"
"605196","华通线缆"
"605198","安德利"
"605199","葫芦娃"
"605208","永茂泰"
"605218","伟时电子"
"605222","起帆电缆"
"605228","神通科技"
"605255","天普股份"
"605258","协和电子"
"605259","绿田机械"
"605266","健之佳"
"605268","王力安防"
"605277","新亚电子"
"605286","同力日升"
"605287","德才股份"
"605288","凯迪股份"
"605289","罗曼股份"
"605296","神农集团"
"605298","必得科技"
"605299","舒华体育"
"605300","佳禾食品"
"605303","园林股份"
"605305","中际联合"
"605318","法狮龙"
"605319","无锡振华"
"605333","沪光股份"
"605336","帅丰电器"
"605337","李子园"
"605338","巴比食品"
"605339","南侨食品"
"605358","立昂微"
"605365","立达信"
"605366","宏柏新材"
"605368","蓝天燃气"
"605369","拱东医疗"
"605376","博迁新材"
"605377","华旺科技"
"605378","野马电池"
"605388","均瑶健康"
"605389","长龄液压"
"605398","新炬网络"
"605399","晨光新材"
"605488","福莱新材"
"605499","东鹏饮料"
"605500","森林包装"
"605507","国邦医药"
"605555","德昌股份"
"605566","福莱蒽特"
"605567","春雪食品"
"605577","龙版传媒"
"605580","恒盛能源"
"605588","冠石科技"
"605589","圣泉集团"
"605598","上海港湾"
"605599","菜百股份"
"688001","华兴源创"
"688002","睿创微纳"
"688003","天准科技"
"688004","博汇科技"
"688005","容百科技"
"688006","杭可科技"
"688007","光峰科技"
"688008","澜起科技"
"688009","中国通号"
"688010","福光股份"
"688011","新光光电"
"688012","中微公司"
"688013","天臣医疗"
"688015","交控科技"
"688016","心脉医疗"
"688017","绿的谐波"
"688018","乐鑫科技"
"688019","安集科技"
"688020","方邦股份"
"688021","奥福环保"
"688022","瀚川智能"
"688023","安恒信息"
"688025","杰普特"
"688026","洁特生物"
"688027","国盾量子"
"688028","沃尔德"
"688029","南微医学"
"688030","山石网科"
"688031","星环科技"
"688032","禾迈股份"
"688033","天宜上佳"
"688035","德邦科技"
"688036","传音控股"
"688037","芯源微"
"688038","中科通达"
"688039","当虹科技"
"688041","海光信息"
"688045","必易微"
"688046","药康生物"
"688047","龙芯中科"
"688048","长光华芯"
"688049","炬芯科技"
"688050","爱博医疗"
"688051","佳华科技"
"688052","纳芯微"
"688053","思科瑞"
"688055","龙腾光电"
"688056","莱伯泰科"
"688057","金达莱"
"688058","宝兰德"
"688059","华锐精密"
"688060","云涌科技"
"688061","灿瑞科技"
"688062","迈威生物"
"688063","派能科技"
"688065","凯赛生物"
"688066","航天宏图"
"688067","爱威科技"
"688068","热景生物"
"688069","德林海"
"688070","纵横股份"
"688071","华依科技"
"688072","拓荆科技"
"688073","毕得医药"
"688075","安旭生物"
"688076","诺泰生物"
"688077","大地熊"
"688078","龙软科技"
"688079","美迪凯"
"688080","映翰通"
"688081","兴图新科"
"688082","盛美上海"
"688083","中望软件"
"688084","晶品特装"
"688085","三友医疗"
"688087","英科再生"
"688088","虹软科技"
"688089","嘉必优"
"688090","瑞松科技"
"688091","上海谊众"
"688092","爱科科技"
"688093","世华科技"
"688095","福昕软件"
"688096","京源环保"
"688097","博众精工"
"688098","申联生物"
"688099","晶晨股份"
"688100","威胜信息"
"688101","三达膜"
"688102","斯瑞新材"
"688103","国力股份"
"688105","诺唯赞"
"688106","金宏气体"
"688107","安路科技"
"688108","赛诺医疗"
"688109","品茗科技"
"688110","东芯股份"
"688111","金山办公"
"688112","鼎阳科技"
"688113","联测科技"
"688114","华大智造"
"688115","思林杰"
"688116","天奈科技"
"688117","圣诺生物"
"688118","普元信息"
"688119","中钢洛耐"
"688120","华海清科"
"688121","卓然股份"
"688122","西部超导"
"688123","聚辰股份"
"688125","安达智能"
"688126","沪硅产业"
"688127","蓝特光学"
"688128","中国电研"
"688129","东来技术"
"688130","晶华微"
"688131","皓元医药"
"688132","邦彦技术"
"688133","泰坦科技"
"688135","利扬芯片"
"688136","科兴制药"
"688137","近岸蛋白"
"688138","清溢光电"
"688139","海尔生物"
"688141","杰华特"
"688143","长盈通"
"688146","中船特气"
"688147","微导纳米"
"688148","芳源股份"
"688150","莱特光电"
"688151","华强科技"
"688152","麒麟信安"
"688153","唯捷创芯"
"688155","先惠技术"
"688156","路德环境"
"688157","松井股份"
"688158","优刻得"
"688159","有方科技"
"688160","步科股份"
"688161","威高骨科"
"688162","巨一科技"
"688163","赛伦生物"
"688165","埃夫特"
"688166","博瑞医药"
"688167","炬光科技"
"688168","安博通"
"688169","石头科技"
"688170","德龙激光"
"688171","纬德信息"
"688172","燕东微"
"688173","希荻微"
"688175","高凌信息"
"688176","亚虹医药"
"688177","百奥泰"
"688178","万德斯"
"688179","阿拉丁"
"688180","君实生物"
"688181","八亿时空"
"688182","灿勤科技"
"688183","生益电子"
"688184","帕瓦股份"
"688185","康希诺"
"688186","广大特材"
"688187","时代电气"
"688188","柏楚电子"
"688189","南新制药"
"688190","云路股份"
"688191","智洋创新"
"688192","迪哲医药"
"688193","仁度生物"
"688195","腾景科技"
"688196","卓越新能"
"688197","首药控股"
"688198","佰仁医疗"
"688199","久日新材"
"688200","华峰测控"
"688201","信安世纪"
"688202","美迪西"
"688203","海正生材"
"688205","德科立"
"688206","概伦电子"
"688207","格灵深瞳"
"688208","道通科技"
"688209","英集芯"
"688210","统联精密"
"688211","中科微至"
"688212","澳华内镜"
"688213","思特威"
"688215","瑞晟智能"
"688216","气派科技"
"688217","睿昂基因"
"688218","江苏北人"
"688219","会通股份"
"688220","翱捷科技"
"688221","前沿生物"
"688222","成都先导"
"688223","晶科能源"
"688225","亚信安全"
"688226","威腾电气"
"688227","品高股份"
"688228","开普云"
"688229","博睿数据"
"688230","芯导科技"
"688231","隆达股份"
"688232","新点软件"
"688233","神工股份"
"688234","天岳先进"
"688235","百济神州"
"688236","春立医疗"
"688237","超卓航科"
"688238","和元生物"
"688239","航宇科技"
"688244","永信至诚"
"688246","嘉和美康"
"688247","宣泰医药"
"688248","南网科技"
"688249","晶合集成"
"688251","井松智能"
"688252","天德钰"
"688253","英诺特"
"688255","凯尔达"
"688256","寒武纪"
"688257","新锐股份"
"688258","卓易信息"
"688259","创耀科技"
"688260","昀冢科技"
"688261","东微半导"
"688262","国芯科技"
"688265","南模生物"
"688266","泽璟制药"
"688267","中触媒"
"688268","华特气体"
"688269","凯立新材"
"688270","臻镭科技"
"688271","联影医疗"
"688272","*ST富吉"
"688273","麦澜德"
"688275","万润新能"
"688276","百克生物"
"688277","天智航"
"688278","特宝生物"
"688279","峰岹科技"
"688280","精进电动"
"688281","华秦科技"
"688282","*ST导航"
"688283","坤恒顺维"
"688285","高铁电气"
"688286","敏芯股份"
"688287","观典防务"
"688288","鸿泉物联"
"688289","圣湘生物"
"688290","景业智能"
"688291","金橙子"
"688292","浩瀚深度"
"688293","奥浦迈"
"688295","中复神鹰"
"688296","和达科技"
"688297","中无人机"
"688298","东方生物"
"688299","长阳科技"
"688300","联瑞新材"
"688301","奕瑞科技"
"688302","海创药业"
"688303","大全能源"
"688305","科德数控"
"688306","均普智能"
"688307","中润光学"
"688308","欧科亿"
"688309","恒誉环保"
"688310","迈得医疗"
"688311","盟升电子"
"688312","燕麦科技"
"688313","仕佳光子"
"688314","康拓医疗"
"688315","诺禾致源"
"688316","青云科技"
"688317","之江生物"
"688318","财富趋势"
"688319","欧林生物"
"688320","禾川科技"
"688321","微芯生物"
"688322","奥比中光"
"688323","瑞华泰"
"688325","赛微微电"
"688326","经纬恒润"
"688327","云从科技"
"688328","深科达"
"688329","艾隆科技"
"688330","宏力达"
"688331","荣昌生物"
"688332","中科蓝讯"
"688333","铂力特"
"688334","西高院"
"688335","复洁环保"
"688336","三生国健"
"688337","普源精电"
"688338","赛科希德"
"688339","亿华通"
"688343","云天励飞"
"688345","博力威"
"688347","华虹公司"
"688348","昱能科技"
"688349","三一重能"
"688350","富淼科技"
"688351","微电生理"
"688352","颀中科技"
"688353","华盛锂电"
"688355","明志科技"
"688356","键凯科技"
"688357","建龙微纳"
"688358","祥生医疗"
"688359","三孚新科"
"688360","德马科技"
"688361","中科飞测"
"688362","甬矽电子"
"688363","华熙生物"
"688365","光云科技"
"688366","昊海生科"
"688367","工大高科"
"688368","晶丰明源"
"688369","致远互联"
"688370","丛麟科技"
"688371","菲沃泰"
"688372","伟测科技"
"688373","盟科药业"
"688375","国博电子"
"688376","美埃科技"
"688377","迪威尔"
"688378","奥来德"
"688379","华光新材"
"688380","中微半导"
"688381","帝奥微"
"688382","益方生物"
"688383","新益昌"
"688385","复旦微电"
"688386","泛亚微透"
"688387","信科移动"
"688388","嘉元科技"
"688389","普门科技"
"688390","固德威"
"688391","钜泉科技"
"688392","骄成超声"
"688393","安必平"
"688395","正弦电气"
"688396","华润微"
"688398","赛特新材"
"688399","硕世生物"
"688400","凌云光"
"688401","路维光电"
"688403","汇成股份"
"688408","中信博"
"688409","富创精密"
"688410","山外山"
"688416","恒烁股份"
"688418","震有科技"
"688419","耐科装备"
"688420","美腾科技"
"688425","铁建重工"
"688426","康为世纪"
"688428","诺诚健华"
"688429","时创能源"
"688432","有研硅"
"688433","华曙高科"
"688435","英方软件"
"688439","振华风光"
"688443","智翔金泰"
"688448","磁谷科技"
"688450","光格科技"
"688455","科捷智能"
"688456","有研粉材"
"688458","美芯晟"
"688459","哈铁科技"
"688466","金科环境"
"688468","科美诊断"
"688469","芯联集成"
"688472","阿特斯"
"688475","萤石网络"
"688478","晶升股份"
"688479","友车科技"
"688480","赛恩斯"
"688484","南芯科技"
"688485","九州一轨"
"688486","龙迅股份"
"688488","艾迪药业"
"688489","三未信安"
"688496","清越科技"
"688498","源杰科技"
"688499","利元亨"
"688500","*ST慧辰"
"688501","青达环保"
"688502","茂莱光学"
"688503","聚和材料"
"688505","复旦张江"
"688506","百利天恒"
"688507","索辰科技"
"688508","芯朋微"
"688509","正元地信"
"688510","航亚科技"
"688511","天微电子"
"688512","慧智微"
"688513","苑东生物"
"688515","裕太微"
"688516","奥特维"
"688517","金冠电气"
"688518","联赢激光"
"688519","南亚新材"
"688520","神州细胞"
"688521","芯原股份"
"688522","纳睿雷达"
"688523","航天环宇"
"688525","佰维存储"
"688526","科前生物"
"688528","秦川物联"
"688529","豪森智能"
"688531","日联科技"
"688533","上声电子"
"688535","华海诚科"
"688536","思瑞浦"
"688538","和辉光电"
"688539","高华科技"
"688543","国科军工"
"688548","广钢气体"
"688549","中巨芯"
"688550","瑞联新材"
"688551","科威尔"
"688552","航天南湖"
"688553","汇宇制药"
"688556","DR高测股"
"688557","兰剑智能"
"688558","国盛智科"
"688559","海目星"
"688560","明冠新材"
"688561","奇安信"
"688562","航天软件"
"688563","航材股份"
"688565","力源科技"
"688566","吉贝尔"
"688567","孚能科技"
"688568","中科星图"
"688569","铁科轨道"
"688570","天玛智控"
"688571","杭华股份"
"688573","信宇人"
"688575","亚辉龙"
"688576","西山科技"
"688577","浙海德曼"
"688578","艾力斯"
"688579","山大地纬"
"688580","伟思医疗"
"688581","安杰思"
"688582","芯动联科"
"688584","上海合晶"
"688585","上纬新材"
"688586","江航装备"
"688588","凌志软件"
"688589","力合微"
"688590","新致软件"
"688591","泰凌微"
"688592","司南导航"
"688593","新相微"
"688595","芯海科技"
"688596","正帆科技"
"688597","煜邦电力"
"688598","金博股份"
"688599","天合光能"
"688600","皖仪科技"
"688601","力芯微"
"688602","康鹏科技"
"688603","天承科技"
"688606","奥泰生物"
"688607","康众医疗"
"688608","恒玄科技"
"688609","九联科技"
"688610","埃科光电"
"688611","杭州柯林"
"688612","威迈斯"
"688613","奥精医疗"
"688616","西力科技"
"688617","惠泰医疗"
"688618","三旺通信"
"688619","罗普特"
"688620","安凯微"
"688621","阳光诺和"
"688622","禾信仪器"
"688623","双元科技"
"688625","呈和科技"
"688626","翔宇医疗"
"688627","精智达"
"688628","优利德"
"688629","华丰科技"
"688630","芯碁微装"
"688631","莱斯信息"
"688633","星球石墨"
"688636","智明达"
"688638","誉辰智能"
"688639","华恒生物"
"688646","逸飞激光"
"688648","中邮科技"
"688651","盛邦安全"
"688652","京仪装备"
"688653","康希通信"
"688655","迅捷兴"
"688656","浩欧博"
"688657","浩辰软件"
"688658","悦康药业"
"688659","元琛科技"
"688660","电气风电"
"688661","和林微纳"
"688662","富信科技"
"688663","新风光"
"688665","四方光电"
"688667","菱电电控"
"688668","鼎通科技"
"688669","聚石化学"
"688670","金迪克"
"688671","碧兴物联"
"688676","金盘科技"
"688677","海泰新光"
"688678","福立旺"
"688679","通源环境"
"688680","海优新材"
"688681","科汇股份"
"688682","霍莱沃"
"688683","莱尔科技"
"688685","迈信林"
"688686","奥普特"
"688687","凯因科技"
"688689","银河微电"
"688690","纳微科技"
"688691","灿芯股份"
"688693","锴威特"
"688695","中创股份"
"688696","极米科技"
"688697","纽威数控"
"688698","伟创电气"
"688699","明微电子"
"688700","东威科技"
"688701","卓锦股份"
"688702","盛科通信"
"688707","振华新材"
"688709","成都华微"
"688711","宏微科技"
"688716","中研股份"
"688717","艾罗能源"
"688718","唯赛勃"
"688719","爱科赛博"
"688720","艾森股份"
"688722","同益中"
"688728","格科微"
"688733","壹石通"
"688737","中自科技"
"688739","成大生物"
"688766","普冉股份"
"688767","博拓生物"
"688768","容知日新"
"688772","珠海冠宇"
"688776","国光电气"
"688777","中控技术"
"688778","厦钨新能"
"688779","长远锂科"
"688786","悦安新材"
"688787","海天瑞声"
"688788","科思科技"
"688789","宏华数科"
"688793","倍轻松"
"688798","艾为电子"
"688799","华纳药厂"
"688800","瑞可达"
"688819","天能股份"
"688981","中芯国际"
"689009","九号公司"