"000001","平安银行"
"000002","万  科Ａ"
"000004","国华网安"
"000006","深振业Ａ"
"000007","*ST全新"
"000008","神州高铁"
"000009","中国宝安"
"000010","美丽生态"
"000011","深物业A"
"000012","南  玻Ａ"
"000014","沙河股份"
"000016","深康佳Ａ"
"000017","深中华A"
"000019","深粮控股"
"000020","深华发Ａ"
"000021","深科技"
"000023","*ST深天"
"000025","特  力Ａ"
"000026","飞亚达"
"000027","深圳能源"
"000028","国药一致"
"000029","深深房Ａ"
"000030","富奥股份"
"000031","大悦城"
"000032","深桑达Ａ"
"000034","神州数码"
"000035","中国天楹"
"000036","华联控股"
"000037","深南电A"
"000039","中集集团"
"000040","东旭蓝天"
"000042","中洲控股"
"000045","深纺织Ａ"
"000048","京基智农"
"000049","德赛电池"
"000050","深天马Ａ"
"000055","方大集团"
"000056","皇庭国际"
"000058","深 赛 格"
"000059","华锦股份"
"000060","中金岭南"
"000061","农 产 品"
"000062","深圳华强"
"000063","中兴通讯"
"000065","北方国际"
"000066","中国长城"
"000068","华控赛格"
"000069","华侨城Ａ"
"000070","特发信息"
"000078","海王生物"
"000088","盐 田 港"
"000089","深圳机场"
"000090","天健集团"
"000096","广聚能源"
"000099","中信海直"
"000100","TCL科技"
"000151","中成股份"
"000153","丰原药业"
"000155","川能动力"
"000156","华数传媒"
"000157","中联重科"
"000158","常山北明"
"000159","国际实业"
"000166","申万宏源"
"000301","东方盛虹"
"000333","美的集团"
"000338","潍柴动力"
"000400","许继电气"
"000401","冀东水泥"
"000402","金 融 街"
"000403","派林生物"
"000404","长虹华意"
"000407","胜利股份"
"000408","藏格矿业"
"000409","云鼎科技"
"000410","沈阳机床"
"000411","英特集团"
"000413","东旭光电"
"000415","渤海租赁"
"000416","*ST民控"
"000417","合肥百货"
"000419","通程控股"
"000420","吉林化纤"
"000421","南京公用"
"000422","湖北宜化"
"000423","东阿阿胶"
"000425","徐工机械"
"000426","兴业银锡"
"000428","华天酒店"
"000429","粤高速Ａ"
"000430","张家界"
"000488","晨鸣纸业"
"000498","山东路桥"
"000501","武商集团"
"000503","国新健康"
"000504","南华生物"
"000505","京粮控股"
"000506","*ST中润"
"000507","珠海港"
"000509","华塑控股"
"000510","新金路"
"000513","丽珠集团"
"000514","渝 开 发"
"000516","国际医学"
"000517","荣安地产"
"000518","四环生物"
"000519","中兵红箭"
"000520","凤凰航运"
"000521","长虹美菱"
"000523","红棉股份"
"000524","岭南控股"
"000525","ST红太阳"
"000526","学大教育"
"000528","柳    工"
"000529","广弘控股"
"000530","冰山冷热"
"000531","穗恒运Ａ"
"000532","华金资本"
"000533","顺钠股份"
"000534","万泽股份"
"000536","华映科技"
"000537","中绿电"
"000538","云南白药"
"000539","粤电力Ａ"
"000541","佛山照明"
"000543","皖能电力"
"000544","中原环保"
"000545","金浦钛业"
"000546","金圆股份"
"000547","航天发展"
"000548","湖南投资"
"000550","江铃汽车"
"000551","创元科技"
"000552","甘肃能化"
"000553","安道麦A"
"000554","泰山石油"
"000555","神州信息"
"000557","西部创业"
"000558","莱茵体育"
"000559","万向钱潮"
"000560","我爱我家"
"000561","烽火电子"
"000563","陕国投Ａ"
"000564","ST大集"
"000565","渝三峡Ａ"
"000566","海南海药"
"000567","海德股份"
"000568","泸州老窖"
"000570","苏常柴Ａ"
"000571","新大洲A"
"000572","海马汽车"
"000573","粤宏远Ａ"
"000576","甘化科工"
"000581","威孚高科"
"000582","北部湾港"
"000584","*ST工智"
"000586","汇源通信"
"000589","贵州轮胎"
"000590","启迪药业"
"000591","太阳能"
"000592","平潭发展"
"000593","德龙汇能"
"000595","宝塔实业"
"000596","古井贡酒"
"000597","东北制药"
"000598","兴蓉环境"
"000599","青岛双星"
"000600","建投能源"
"000601","韶能股份"
"000603","盛达资源"
"000605","渤海股份"
"000607","华媒控股"
"000608","阳光股份"
"000609","*ST中迪"
"000610","西安旅游"
"000612","焦作万方"
"000615","*ST美谷"
"000617","中油资本"
"000619","海螺新材"
"000620","*ST新联"
"000622","*ST恒立"
"000623","吉林敖东"
"000625","长安汽车"
"000626","远大控股"
"000627","天茂集团"
"000628","高新发展"
"000629","钒钛股份"
"000630","铜陵有色"
"000631","顺发恒业"
"000632","三木集团"
"000633","合金投资"
"000635","英 力 特"
"000636","风华高科"
"000637","ST实华"
"000638","万方发展"
"000639","西王食品"
"000650","仁和药业"
"000651","格力电器"
"000652","泰达股份"
"000655","金岭矿业"
"000656","*ST金科"
"000657","中钨高新"
"000659","珠海中富"
"000661","长春高新"
"000663","永安林业"
"000665","湖北广电"
"000668","荣丰控股"
"000669","ST金鸿"
"000670","盈方微"
"000672","上峰水泥"
"000676","智度股份"
"000677","恒天海龙"
"000678","襄阳轴承"
"000679","大连友谊"
"000680","山推股份"
"000681","视觉中国"
"000682","东方电子"
"000683","远兴能源"
"000685","中山公用"
"000686","东北证券"
"000688","国城矿业"
"000690","宝新能源"
"000691","亚太实业"
"000692","*ST惠天"
"000695","滨海能源"
"000697","*ST炼石"
"000698","沈阳化工"
"000700","模塑科技"
"000701","厦门信达"
"000702","正虹科技"
"000703","恒逸石化"
"000705","浙江震元"
"000707","双环科技"
"000708","中信特钢"
"000709","河钢股份"
"000710","贝瑞基因"
"000711","*ST京蓝"
"000712","锦龙股份"
"000713","丰乐种业"
"000715","中兴商业"
"000716","黑芝麻"
"000717","中南股份"
"000718","苏宁环球"
"000719","中原传媒"
"000720","新能泰山"
"000721","西安饮食"
"000722","湖南发展"
"000723","美锦能源"
"000725","京东方Ａ"
"000726","鲁  泰Ａ"
"000727","冠捷科技"
"000728","国元证券"
"000729","燕京啤酒"
"000731","四川美丰"
"000733","振华科技"
"000735","罗 牛 山"
"000736","中交地产"
"000737","北方铜业"
"000738","航发控制"
"000739","普洛药业"
"000750","国海证券"
"000751","锌业股份"
"000752","*ST西发"
"000753","漳州发展"
"000755","山西高速"
"000756","新华制药"
"000757","浩物股份"
"000758","中色股份"
"000759","中百集团"
"000761","本钢板材"
"000762","西藏矿业"
"000766","通化金马"
"000767","晋控电力"
"000768","中航西飞"
"000776","广发证券"
"000777","中核科技"
"000778","新兴铸管"
"000779","甘咨询"
"000782","美达股份"
"000783","长江证券"
"000785","居然之家"
"000786","北新建材"
"000788","北大医药"
"000789","万年青"
"000790","华神科技"
"000791","甘肃能源"
"000792","盐湖股份"
"000793","华闻集团"
"000795","英洛华"
"000796","*ST凯撒"
"000797","中国武夷"
"000798","中水渔业"
"000799","酒鬼酒"
"000800","一汽解放"
"000801","四川九洲"
"000802","北京文化"
"000803","山高环能"
"000807","云铝股份"
"000809","*ST 新城"
"000810","创维数字"
"000811","冰轮环境"
"000812","陕西金叶"
"000813","德展健康"
"000815","美利云"
"000816","智慧农业"
"000818","航锦科技"
"000819","岳阳兴长"
"000820","神雾节能"
"000821","京山轻机"
"000822","山东海化"
"000823","超声电子"
"000825","太钢不锈"
"000826","启迪环境"
"000828","东莞控股"
"000829","天音控股"
"000830","鲁西化工"
"000831","中国稀土"
"000833","粤桂股份"
"000836","ST富通"
"000837","秦川机床"
"000838","财信发展"
"000839","ST国安"
"000848","承德露露"
"000850","华茂股份"
"000851","ST高鸿"
"000852","石化机械"
"000856","冀东装备"
"000858","五 粮 液"
"000859","国风新材"
"000860","顺鑫农业"
"000861","海印股份"
"000862","银星能源"
"000863","三湘印象"
"000868","安凯客车"
"000869","张  裕Ａ"
"000875","吉电股份"
"000876","新 希 望"
"000877","天山股份"
"000878","云南铜业"
"000880","潍柴重机"
"000881","中广核技"
"000882","华联股份"
"000883","湖北能源"
"000885","城发环境"
"000886","海南高速"
"000887","中鼎股份"
"000888","峨眉山Ａ"
"000889","ST中嘉"
"000890","法尔胜"
"000892","欢瑞世纪"
"000893","亚钾国际"
"000895","双汇发展"
"000897","津滨发展"
"000898","鞍钢股份"
"000899","赣能股份"
"000900","现代投资"
"000901","航天科技"
"000902","新洋丰"
"000903","云内动力"
"000905","厦门港务"
"000906","浙商中拓"
"000908","*ST景峰"
"000909","ST数源"
"000910","大亚圣象"
"000911","广农糖业"
"000912","泸天化"
"000913","钱江摩托"
"000915","华特达因"
"000917","电广传媒"
"000919","金陵药业"
"000920","沃顿科技"
"000921","海信家电"
"000922","佳电股份"
"000923","河钢资源"
"000925","众合科技"
"000926","福星股份"
"000927","中国铁物"
"000928","中钢国际"
"000929","兰州黄河"
"000930","中粮科技"
"000931","中 关 村"
"000932","华菱钢铁"
"000933","神火股份"
"000935","四川双马"
"000936","华西股份"
"000937","冀中能源"
"000938","紫光股份"
"000948","南天信息"
"000949","新乡化纤"
"000950","重药控股"
"000951","中国重汽"
"000952","广济药业"
"000953","河化股份"
"000955","欣龙控股"
"000957","中通客车"
"000958","电投产融"
"000959","首钢股份"
"000960","锡业股份"
"000961","ST中南"
"000962","东方钽业"
"000963","华东医药"
"000965","天保基建"
"000966","长源电力"
"000967","盈峰环境"
"000968","蓝焰控股"
"000969","安泰科技"
"000970","中科三环"
"000971","*ST高升"
"000972","中基健康"
"000973","佛塑科技"
"000975","银泰黄金"
"000976","ST华铁"
"000977","浪潮信息"
"000978","桂林旅游"
"000980","众泰汽车"
"000981","山子高科"
"000982","中银绒业"
"000983","山西焦煤"
"000985","大庆华科"
"000987","越秀资本"
"000988","华工科技"
"000989","ST九芝"
"000990","诚志股份"
"000993","闽东电力"
"000995","皇台酒业"
"000996","*ST中期"
"000997","新 大 陆"
"000998","隆平高科"
"000999","华润三九"
"001201","东瑞股份"
"001202","炬申股份"
"001203","大中矿业"
"001205","盛航股份"
"001206","依依股份"
"001207","联科科技"
"001208","华菱线缆"
"001209","洪兴股份"
"001210","金房能源"
"001211","双枪科技"
"001212","中旗新材"
"001213","中铁特货"
"001215","千味央厨"
"001216","华瓷股份"
"001217","华尔泰"
"001218","丽臣实业"
"001219","青岛食品"
"001222","源飞宠物"
"001223","欧克科技"
"001225","和泰机电"
"001226","拓山重工"
"001227","兰州银行"
"001228","永泰运"
"001229","魅视科技"
"001230","劲旅环境"
"001231","农心科技"
"001234","泰慕士"
"001236","弘业期货"
"001238","浙江正特"
"001239","永达股份"
"001255","博菲电气"
"001256","炜冈科技"
"001258","立新能源"
"001259","利仁科技"
"001260","坤泰股份"
"001266","宏英智能"
"001267","汇绿生态"
"001268","联合精密"
"001269","欧晶科技"
"001270","铖昌科技"
"001278","一彬科技"
"001282","三联锻造"
"001283","豪鹏科技"
"001286","陕西能源"
"001287","中电港"
"001288","运机集团"
"001289","龙源电力"
"001296","长江材料"
"001298","好上好"
"001299","美能能源"
"001300","三柏硕"
"001301","尚太科技"
"001306","夏厦精密"
"001308","康冠科技"
"001309","德明利"
"001311","多利科技"
"001313","粤海饲料"
"001314","亿道信息"
"001316","润贝航科"
"001317","三羊马"
"001318","阳光乳业"
"001319","铭科精技"
"001322","箭牌家居"
"001323","慕思股份"
"001324","长青科技"
"001326","联域股份"
"001328","登康口腔"
"001330","博纳影业"
"001331","胜通能源"
"001332","锡装股份"
"001333","光华股份"
"001336","楚环科技"
"001337","四川黄金"
"001338","永顺泰"
"001339","智微智能"
"001358","兴欣新材"
"001359","平安电工"
"001360","南矿集团"
"001366","播恩集团"
"001367","海森药业"
"001368","通达创智"
"001373","翔腾新材"
"001376","百通能源"
"001378","德冠新材"
"001379","腾达科技"
"001380","华纬科技"
"001387","雪祺电气"
"001389","广合科技"
"001696","宗申动力"
"001872","招商港口"
"001896","豫能控股"
"001914","招商积余"
"001965","招商公路"
"001979","招商蛇口"
"002001","新 和 成"
"002003","伟星股份"
"002004","华邦健康"
"002005","ST德豪"
"002006","精工科技"
"002007","华兰生物"
"002008","大族激光"
"002009","天奇股份"
"002010","传化智联"
"002011","盾安环境"
"002012","凯恩股份"
"002014","永新股份"
"002015","协鑫能科"
"002016","世荣兆业"
"002017","东信和平"
"002019","亿帆医药"
"002020","京新药业"
"002021","*ST中捷"
"002022","科华生物"
"002023","海特高新"
"002024","ST易购"
"002025","航天电器"
"002026","山东威达"
"002027","分众传媒"
"002028","思源电气"
"002029","七 匹 狼"
"002030","达安基因"
"002031","巨轮智能"
"002032","苏 泊 尔"
"002033","丽江股份"
"002034","旺能环境"
"002035","华帝股份"
"002036","联创电子"
"002037","保利联合"
"002038","双鹭药业"
"002039","黔源电力"
"002040","南 京 港"
"002041","登海种业"
"002042","华孚时尚"
"002043","兔 宝 宝"
"002044","美年健康"
"002045","国光电器"
"002046","国机精工"
"002047","宝鹰股份"
"002048","宁波华翔"
"002049","紫光国微"
"002050","三花智控"
"002051","中工国际"
"002052","*ST同洲"
"002053","云南能投"
"002054","德美化工"
"002055","得润电子"
"002056","横店东磁"
"002057","中钢天源"
"002058","威尔泰"
"002059","云南旅游"
"002060","广东建工"
"002061","浙江交科"
"002062","宏润建设"
"002063","远光软件"
"002064","华峰化学"
"002065","东华软件"
"002066","瑞泰科技"
"002067","景兴纸业"
"002068","黑猫股份"
"002069","獐子岛"
"002072","凯瑞德"
"002073","软控股份"
"002074","国轩高科"
"002075","沙钢股份"
"002076","星光股份"
"002077","大港股份"
"002078","太阳纸业"
"002079","苏州固锝"
"002080","中材科技"
"002081","金 螳 螂"
"002082","万邦德"
"002083","孚日股份"
"002084","海鸥住工"
"002085","万丰奥威"
"002086","*ST东洋"
"002087","*ST新纺"
"002088","鲁阳节能"
"002090","金智科技"
"002091","江苏国泰"
"002092","中泰化学"
"002093","国脉科技"
"002094","青岛金王"
"002095","生 意 宝"
"002096","易普力"
"002097","山河智能"
"002098","浔兴股份"
"002099","海翔药业"
"002100","天康生物"
"002101","广东鸿图"
"002102","能特科技"
"002103","广博股份"
"002104","恒宝股份"
"002105","信隆健康"
"002106","莱宝高科"
"002107","沃华医药"
"002108","沧州明珠"
"002109","兴化股份"
"002110","三钢闽光"
"002111","威海广泰"
"002112","三变科技"
"002114","罗平锌电"
"002115","三维通信"
"002116","中国海诚"
"002117","东港股份"
"002119","康强电子"
"002120","韵达股份"
"002121","科陆电子"
"002122","汇洲智能"
"002123","梦网科技"
"002124","ST天邦"
"002125","湘潭电化"
"002126","银轮股份"
"002127","南极电商"
"002128","电投能源"
"002129","TCL中环"
"002130","沃尔核材"
"002131","利欧股份"
"002132","恒星科技"
"002133","广宇集团"
"002134","天津普林"
"002135","东南网架"
"002136","安 纳 达"
"002137","实益达"
"002138","顺络电子"
"002139","拓邦股份"
"002140","东华科技"
"002141","*ST贤丰"
"002142","宁波银行"
"002144","宏达高科"
"002145","中核钛白"
"002146","荣盛发展"
"002148","北纬科技"
"002149","西部材料"
"002150","通润装备"
"002151","北斗星通"
"002152","广电运通"
"002153","石基信息"
"002154","报 喜 鸟"
"002155","湖南黄金"
"002156","通富微电"
"002157","*ST 正邦"
"002158","汉钟精机"
"002159","三特索道"
"002160","常铝股份"
"002161","远 望 谷"
"002162","悦心健康"
"002163","海南发展"
"002164","宁波东力"
"002165","红 宝 丽"
"002166","莱茵生物"
"002167","东方锆业"
"002168","惠程科技"
"002169","智光电气"
"002170","芭田股份"
"002171","楚江新材"
"002172","澳洋健康"
"002173","创新医疗"
"002174","游族网络"
"002175","东方智造"
"002176","江特电机"
"002177","御银股份"
"002178","延华智能"
"002179","中航光电"
"002180","纳思达"
"002181","粤 传 媒"
"002182","宝武镁业"
"002183","怡 亚 通"
"002184","海得控制"
"002185","华天科技"
"002186","全 聚 德"
"002187","广百股份"
"002188","中天服务"
"002189","中光学"
"002190","成飞集成"
"002191","劲嘉股份"
"002192","融捷股份"
"002193","如意集团"
"002194","武汉凡谷"
"002195","岩山科技"
"002196","方正电机"
"002197","ST证通"
"002198","嘉应制药"
"002199","东晶电子"
"002200","ST交投"
"002201","正威新材"
"002202","金风科技"
"002203","海亮股份"
"002204","大连重工"
"002205","国统股份"
"002206","海 利 得"
"002207","准油股份"
"002208","合肥城建"
"002209","达 意 隆"
"002210","飞马国际"
"002211","宏达新材"
"002212","天融信"
"002213","大为股份"
"002214","大立科技"
"002215","诺 普 信"
"002216","三全食品"
"002217","*ST合泰"
"002218","拓日新能"
"002219","新里程"
"002221","东华能源"
"002222","福晶科技"
"002223","鱼跃医疗"
"002224","三 力 士"
"002225","濮耐股份"
"002226","江南化工"
"002227","奥 特 迅"
"002228","合兴包装"
"002229","鸿博股份"
"002230","科大讯飞"
"002231","奥维通信"
"002232","启明信息"
"002233","塔牌集团"
"002234","民和股份"
"002235","安妮股份"
"002236","大华股份"
"002237","恒邦股份"
"002238","天威视讯"
"002239","奥特佳"
"002240","盛新锂能"
"002241","歌尔股份"
"002242","九阳股份"
"002243","力合科创"
"002244","滨江集团"
"002245","蔚蓝锂芯"
"002246","北化股份"
"002247","聚力文化"
"002248","华东数控"
"002249","大洋电机"
"002250","联化科技"
"002251","*ST步高"
"002252","上海莱士"
"002253","川大智胜"
"002254","泰和新材"
"002255","海陆重工"
"002256","兆新股份"
"002258","利尔化学"
"002259","ST升达"
"002261","拓维信息"
"002262","恩华药业"
"002263","大东南"
"002264","新 华 都"
"002265","建设工业"
"002266","浙富控股"
"002267","陕天然气"
"002268","电科网安"
"002269","美邦服饰"
"002270","华明装备"
"002271","东方雨虹"
"002272","川润股份"
"002273","水晶光电"
"002274","华昌化工"
"002275","桂林三金"
"002276","万马股份"
"002277","友阿股份"
"002278","神开股份"
"002279","久其软件"
"002280","ST联络"
"002281","光迅科技"
"002282","博深股份"
"002283","天润工业"
"002284","亚太股份"
"002285","世联行"
"002286","保龄宝"
"002287","奇正藏药"
"002288","*ST超华"
"002289","ST宇顺"
"002290","禾盛新材"
"002291","遥望科技"
"002292","奥飞娱乐"
"002293","罗莱生活"
"002294","信立泰"
"002295","精艺股份"
"002296","辉煌科技"
"002297","博云新材"
"002298","中电兴发"
"002299","圣农发展"
"002300","太阳电缆"
"002301","齐心集团"
"002302","西部建设"
"002303","美盈森"
"002304","洋河股份"
"002305","南国置业"
"002306","中科云网"
"002307","北新路桥"
"002308","威创股份"
"002309","*ST中利"
"002310","*ST东园"
"002311","海大集团"
"002312","川发龙蟒"
"002313","日海智能"
"002314","南山控股"
"002315","焦点科技"
"002316","亚联发展"
"002317","众生药业"
"002318","久立特材"
"002319","乐通股份"
"002320","海峡股份"
"002321","华英农业"
"002322","理工能科"
"002323","雅博股份"
"002324","普利特"
"002325","*ST洪涛"
"002326","永太科技"
"002327","富安娜"
"002328","新朋股份"
"002329","皇氏集团"
"002330","得利斯"
"002331","皖通科技"
"002332","仙琚制药"
"002333","罗普斯金"
"002334","英威腾"
"002335","科华数据"
"002336","*ST人乐"
"002337","赛象科技"
"002338","奥普光电"
"002339","积成电子"
"002340","格林美"
"002341","ST新纶"
"002342","巨力索具"
"002343","慈文传媒"
"002344","海宁皮城"
"002345","潮宏基"
"002346","柘中股份"
"002347","泰尔股份"
"002348","高乐股份"
"002349","精华制药"
"002350","北京科锐"
"002351","漫步者"
"002352","顺丰控股"
"002353","杰瑞股份"
"002354","天娱数科"
"002355","兴民智通"
"002356","赫美集团"
"002357","富临运业"
"002358","森源电气"
"002360","同德化工"
"002361","神剑股份"
"002362","汉王科技"
"002363","隆基机械"
"002364","中恒电气"
"002365","永安药业"
"002366","融发核电"
"002367","康力电梯"
"002368","太极股份"
"002369","卓翼科技"
"002370","亚太药业"
"002371","北方华创"
"002372","伟星新材"
"002373","千方科技"
"002374","中锐股份"
"002375","亚厦股份"
"002376","新北洋"
"002377","国创高新"
"002378","章源钨业"
"002379","宏创控股"
"002380","科远智慧"
"002381","双箭股份"
"002382","蓝帆医疗"
"002383","合众思壮"
"002384","东山精密"
"002385","大北农"
"002386","天原股份"
"002387","维信诺"
"002388","新亚制程"
"002389","航天彩虹"
"002390","信邦制药"
"002391","长青股份"
"002392","北京利尔"
"002393","力生制药"
"002394","联发股份"
"002395","双象股份"
"002396","星网锐捷"
"002397","梦洁股份"
"002398","垒知集团"
"002399","海普瑞"
"002400","省广集团"
"002401","中远海科"
"002402","和而泰"
"002403","爱仕达"
"002404","嘉欣丝绸"
"002405","四维图新"
"002406","远东传动"
"002407","多氟多"
"002408","齐翔腾达"
"002409","雅克科技"
"002410","广联达"
"002412","汉森制药"
"002413","雷科防务"
"002414","高德红外"
"002415","海康威视"
"002416","爱施德"
"002418","康盛股份"
"002419","天虹股份"
"002420","毅昌科技"
"002421","达实智能"
"002422","科伦药业"
"002423","中粮资本"
"002424","ST百灵"
"002425","凯撒文化"
"002426","胜利精密"
"002427","尤夫股份"
"002428","云南锗业"
"002429","兆驰股份"
"002430","杭氧股份"
"002431","棕榈股份"
"002432","九安医疗"
"002433","*ST太安"
"002434","万里扬"
"002435","ST长康"
"002436","兴森科技"
"002437","誉衡药业"
"002438","江苏神通"
"002439","启明星辰"
"002440","闰土股份"
"002441","众业达"
"002442","龙星化工"
"002443","金洲管道"
"002444","巨星科技"
"002445","中南文化"
"002446","盛路通信"
"002448","中原内配"
"002449","国星光电"
"002451","摩恩电气"
"002452","长高电新"
"002453","华软科技"
"002454","松芝股份"
"002455","百川股份"
"002456","欧菲光"
"002457","青龙管业"
"002458","益生股份"
"002459","晶澳科技"
"002460","赣锋锂业"
"002461","珠江啤酒"
"002462","嘉事堂"
"002463","沪电股份"
"002465","海格通信"
"002466","天齐锂业"
"002467","二六三"
"002468","申通快递"
"002469","三维化学"
"002470","金正大"
"002471","中超控股"
"002472","双环传动"
"002474","榕基软件"
"002475","立讯精密"
"002476","宝莫股份"
"002478","常宝股份"
"002479","富春环保"
"002480","新筑股份"
"002481","双塔食品"
"002482","*ST广田"
"002483","润邦股份"
"002484","江海股份"
"002485","ST雪发"
"002486","嘉麟杰"
"002487","大金重工"
"002488","金固股份"
"002489","浙江永强"
"002490","ST墨龙"
"002491","通鼎互联"
"002492","恒基达鑫"
"002493","荣盛石化"
"002494","华斯股份"
"002495","佳隆股份"
"002496","辉丰股份"
"002497","雅化集团"
"002498","汉缆股份"
"002500","山西证券"
"002501","利源股份"
"002502","ST鼎龙"
"002505","鹏都农牧"
"002506","协鑫集成"
"002507","涪陵榨菜"
"002508","老板电器"
"002510","天汽模"
"002511","中顺洁柔"
"002512","达华智能"
"002513","蓝丰生化"
"002514","宝馨科技"
"002515","金字火腿"
"002516","旷达科技"
"002517","恺英网络"
"002518","科士达"
"002519","银河电子"
"002520","日发精机"
"002521","齐峰新材"
"002522","浙江众成"
"002523","天桥起重"
"002524","光正眼科"
"002526","山东矿机"
"002527","新时达"
"002528","ST英飞拓"
"002529","海源复材"
"002530","金财互联"
"002531","天顺风能"
"002532","天山铝业"
"002533","金杯电工"
"002534","西子洁能"
"002535","林州重机"
"002536","飞龙股份"
"002537","海联金汇"
"002538","司尔特"
"002539","云图控股"
"002540","亚太科技"
"002541","鸿路钢构"
"002542","中化岩土"
"002543","万和电气"
"002544","普天科技"
"002545","东方铁塔"
"002546","新联电子"
"002547","春兴精工"
"002548","金新农"
"002549","凯美特气"
"002550","千红制药"
"002551","尚荣医疗"
"002552","宝鼎科技"
"002553","南方精工"
"002554","惠博普"
"002555","三七互娱"
"002556","辉隆股份"
"002557","洽洽食品"
"002558","巨人网络"
"002559","亚威股份"
"002560","通达股份"
"002561","徐家汇"
"002562","兄弟科技"
"002563","森马服饰"
"002564","*ST天沃"
"002565","顺灏股份"
"002566","益盛药业"
"002567","唐人神"
"002568","百润股份"
"002569","ST步森"
"002570","贝因美"
"002571","德力股份"
"002572","索菲亚"
"002573","清新环境"
"002574","明牌珠宝"
"002575","群兴玩具"
"002576","通达动力"
"002577","雷柏科技"
"002578","闽发铝业"
"002579","中京电子"
"002580","圣阳股份"
"002581","未名医药"
"002582","好想你"
"002583","海能达"
"002584","西陇科学"
"002585","双星新材"
"002586","*ST围海"
"002587","奥拓电子"
"002588","史丹利"
"002589","瑞康医药"
"002590","万安科技"
"002591","恒大高新"
"002592","ST八菱"
"002593","日上集团"
"002594","比亚迪"
"002595","豪迈科技"
"002596","海南瑞泽"
"002597","金禾实业"
"002598","山东章鼓"
"002599","盛通股份"
"002600","领益智造"
"002601","龙佰集团"
"002602","世纪华通"
"002603","以岭药业"
"002605","姚记科技"
"002606","大连电瓷"
"002607","中公教育"
"002608","江苏国信"
"002609","捷顺科技"
"002610","ST爱康"
"002611","东方精工"
"002612","朗姿股份"
"002613","北玻股份"
"002614","奥佳华"
"002615","哈尔斯"
"002616","长青集团"
"002617","露笑科技"
"002620","瑞和股份"
"002621","*ST美吉"
"002622","皓宸医疗"
"002623","亚玛顿"
"002624","完美世界"
"002625","光启技术"
"002626","金达威"
"002627","三峡旅游"
"002628","成都路桥"
"002629","仁智股份"
"002630","华西能源"
"002631","德尔未来"
"002632","道明光学"
"002633","申科股份"
"002634","棒杰股份"
"002635","安洁科技"
"002636","金安国纪"
"002637","赞宇科技"
"002638","勤上股份"
"002639","雪人股份"
"002640","跨境通"
"002641","公元股份"
"002642","荣联科技"
"002643","万润股份"
"002644","佛慈制药"
"002645","华宏科技"
"002646","天佑德酒"
"002647","仁东控股"
"002648","卫星化学"
"002649","博彦科技"
"002650","ST加加"
"002651","利君股份"
"002652","扬子新材"
"002653","海思科"
"002654","万润科技"
"002655","共达电声"
"002656","ST摩登"
"002657","中科金财"
"002658","雪迪龙"
"002659","凯文教育"
"002660","茂硕电源"
"002661","克明食品"
"002662","京威股份"
"002663","普邦股份"
"002664","信质集团"
"002665","ST航高"
"002666","德联集团"
"002667","威领股份"
"002668","奥马电器"
"002669","康达新材"
"002670","国盛金控"
"002671","龙泉股份"
"002672","东江环保"
"002673","西部证券"
"002674","兴业科技"
"002675","东诚药业"
"002676","顺威股份"
"002677","浙江美大"
"002678","珠江钢琴"
"002679","福建金森"
"002681","奋达科技"
"002682","龙洲股份"
"002683","广东宏大"
"002685","华东重机"
"002686","亿利达"
"002687","乔治白"
"002688","金河生物"
"002689","远大智能"
"002690","美亚光电"
"002691","冀凯股份"
"002692","远程股份"
"002693","双成药业"
"002694","顾地科技"
"002695","煌上煌"
"002696","百洋股份"
"002697","红旗连锁"
"002698","博实股份"
"002699","*ST美盛"
"002700","ST浩源"
"002701","奥瑞金"
"002702","海欣食品"
"002703","浙江世宝"
"002705","新宝股份"
"002706","良信股份"
"002707","众信旅游"
"002708","光洋股份"
"002709","天赐材料"
"002712","思美传媒"
"002713","东易日盛"
"002714","牧原股份"
"002715","登云股份"
"002716","湖南白银"
"002717","岭南股份"
"002718","友邦吊顶"
"002719","麦趣尔"
"002721","*ST金一"
"002722","物产金轮"
"002723","小崧股份"
"002724","海洋王"
"002725","跃岭股份"
"002726","龙大美食"
"002727","一心堂"
"002728","特一药业"
"002729","好利科技"
"002730","电光科技"
"002731","萃华珠宝"
"002732","燕塘乳业"
"002733","雄韬股份"
"002734","利民股份"
"002735","王子新材"
"002736","国信证券"
"002737","葵花药业"
"002738","中矿资源"
"002739","万达电影"
"002741","光华科技"
"002742","ST三圣"
"002743","富煌钢构"
"002745","木林森"
"002746","仙坛股份"
"002747","埃斯顿"
"002748","世龙实业"
"002749","国光股份"
"002750","*ST龙津"
"002752","昇兴股份"
"002753","永东股份"
"002755","奥赛康"
"002756","永兴材料"
"002757","南兴股份"
"002758","浙农股份"
"002759","天际股份"
"002760","凤形股份"
"002761","浙江建投"
"002762","金发拉比"
"002763","汇洁股份"
"002765","蓝黛科技"
"002766","索菱股份"
"002767","先锋电子"
"002768","国恩股份"
"002769","普路通"
"002771","真视通"
"002772","众兴菌业"
"002773","康弘药业"
"002774","快意电梯"
"002775","文科股份"
"002777","久远银海"
"002778","中晟高科"
"002779","中坚科技"
"002780","三夫户外"
"002782","可立克"
"002783","凯龙股份"
"002785","万里石"
"002786","银宝山新"
"002787","华源控股"
"002788","鹭燕医药"
"002789","建艺集团"
"002790","瑞尔特"
"002791","坚朗五金"
"002792","通宇通讯"
"002793","罗欣药业"
"002795","永和智控"
"002796","世嘉科技"
"002797","第一创业"
"002798","帝欧家居"
"002799","环球印务"
"002800","ST天顺"
"002801","微光股份"
"002802","洪汇新材"
"002803","吉宏股份"
"002805","丰元股份"
"002806","华锋股份"
"002807","江阴银行"
"002808","ST恒久"
"002809","红墙股份"
"002810","山东赫达"
"002811","郑中设计"
"002812","恩捷股份"
"002813","路畅科技"
"002815","崇达技术"
"002816","*ST和科"
"002817","黄山胶囊"
"002818","富森美"
"002819","东方中科"
"002820","桂发祥"
"002821","凯莱英"
"002822","ST中装"
"002823","凯中精密"
"002824","和胜股份"
"002825","纳尔股份"
"002826","易明医药"
"002827","高争民爆"
"002828","贝肯能源"
"002829","星网宇达"
"002830","名雕股份"
"002831","裕同科技"
"002832","比音勒芬"
"002833","弘亚数控"
"002835","同为股份"
"002836","新宏泽"
"002837","英维克"
"002838","道恩股份"
"002839","张家港行"
"002840","华统股份"
"002841","视源股份"
"002842","翔鹭钨业"
"002843","泰嘉股份"
"002845","同兴达"
"002846","英联股份"
"002847","盐津铺子"
"002848","高斯贝尔"
"002849","威星智能"
"002850","科达利"
"002851","麦格米特"
"002852","道道全"
"002853","皮阿诺"
"002855","捷荣技术"
"002856","美芝股份"
"002857","三晖电气"
"002858","力盛体育"
"002859","洁美科技"
"002860","星帅尔"
"002861","瀛通通讯"
"002862","实丰文化"
"002863","今飞凯达"
"002864","盘龙药业"
"002865","钧达股份"
"002866","传艺科技"
"002867","周大生"
"002868","绿康生化"
"002869","金溢科技"
"002870","香山股份"
"002871","伟隆股份"
"002872","ST天圣"
"002873","新天药业"
"002875","安奈儿"
"002876","三利谱"
"002877","智能自控"
"002878","元隆雅图"
"002879","长缆科技"
"002880","卫光生物"
"002881","美格智能"
"002882","金龙羽"
"002883","中设股份"
"002884","凌霄泵业"
"002885","京泉华"
"002886","沃特股份"
"002887","绿茵生态"
"002888","惠威科技"
"002889","东方嘉盛"
"002890","弘宇股份"
"002891","中宠股份"
"002892","科力尔"
"002893","京能热力"
"002895","川恒股份"
"002896","中大力德"
"002897","意华股份"
"002898","赛隆药业"
"002899","英派斯"
"002900","哈三联"
"002901","大博医疗"
"002902","铭普光磁"
"002903","宇环数控"
"002905","金逸影视"
"002906","华阳集团"
"002907","华森制药"
"002908","德生科技"
"002909","集泰股份"
"002910","庄园牧场"
"002911","佛燃能源"
"002912","中新赛克"
"002913","奥士康"
"002915","中欣氟材"
"002916","深南电路"
"002917","金奥博"
"002918","蒙娜丽莎"
"002919","名臣健康"
"002920","德赛西威"
"002921","联诚精密"
"002922","伊戈尔"
"002923","润都股份"
"002925","盈趣科技"
"002926","华西证券"
"002927","泰永长征"
"002928","华夏航空"
"002929","润建股份"
"002930","宏川智慧"
"002931","锋龙股份"
"002932","明德生物"
"002933","新兴装备"
"002935","天奥电子"
"002936","郑州银行"
"002937","兴瑞科技"
"002938","鹏鼎控股"
"002939","长城证券"
"002940","昂利康"
"002941","新疆交建"
"002942","新农股份"
"002943","宇晶股份"
"002945","华林证券"
"002946","新乳业"
"002947","恒铭达"
"002948","青岛银行"
"002949","华阳国际"
"002950","奥美医疗"
"002951","*ST金时"
"002952","亚世光电"
"002953","日丰股份"
"002955","鸿合科技"
"002956","西麦食品"
"002957","科瑞技术"
"002958","青农商行"
"002959","小熊电器"
"002960","青鸟消防"
"002961","瑞达期货"
"002962","五方光电"
"002963","豪尔赛"
"002965","祥鑫科技"
"002966","苏州银行"
"002967","广电计量"
"002968","新大正"
"002969","嘉美包装"
"002970","锐明技术"
"002971","和远气体"
"002972","科安达"
"002973","侨银股份"
"002975","博杰股份"
"002976","瑞玛精密"
"002977","天箭科技"
"002978","安宁股份"
"002979","雷赛智能"
"002980","华盛昌"
"002981","朝阳科技"
"002982","湘佳股份"
"002983","芯瑞达"
"002984","森麒麟"
"002985","北摩高科"
"002986","宇新股份"
"002987","京北方"
"002988","豪美新材"
"002989","中天精装"
"002990","盛视科技"
"002991","甘源食品"
"002992","宝明科技"
"002993","奥海科技"
"002995","天地在线"
"002996","顺博合金"
"002997","瑞鹄模具"
"002998","优彩资源"
"002999","天禾股份"
"003000","劲仔食品"
"003001","中岩大地"
"003002","壶化股份"
"003003","天元股份"
"003004","声迅股份"
"003005","竞业达"
"003006","百亚股份"
"003007","直真科技"
"003008","开普检测"
"003009","中天火箭"
"003010","若羽臣"
"003011","海象新材"
"003012","东鹏控股"
"003013","地铁设计"
"003015","日久光电"
"003016","欣贺股份"
"003017","大洋生物"
"003018","金富科技"
"003019","宸展光电"
"003020","立方制药"
"003021","兆威机电"
"003022","联泓新科"
"003023","彩虹集团"
"003025","思进智能"
"003026","中晶科技"
"003027","同兴环保"
"003028","振邦智能"
"003029","吉大正元"
"003030","祖名股份"
"003031","中瓷电子"
"003032","传智教育"
"003033","征和工业"
"003035","南网能源"
"003036","泰坦股份"
"003037","三和管桩"
"003038","鑫铂股份"
"003039","顺控发展"
"003040","楚天龙"
"003041","真爱美家"
"003042","中农联合"
"003043","华亚智能"
"003816","中国广核"
"300001","特锐德"
"300002","神州泰岳"
"300003","乐普医疗"
"300004","南风股份"
"300005","探路者"
"300006","莱美药业"
"300007","汉威科技"
"300008","天海防务"
"300009","安科生物"
"300010","*ST豆神"
"300011","鼎汉技术"
"300012","华测检测"
"300013","*ST新宁"
"300014","亿纬锂能"
"300015","爱尔眼科"
"300016","北陆药业"
"300017","网宿科技"
"300018","中元股份"
"300019","硅宝科技"
"300020","*ST银江"
"300021","大禹节水"
"300022","吉峰科技"
"300024","机器人"
"300025","华星创业"
"300026","红日药业"
"300027","华谊兄弟"
"300029","ST天龙"
"300030","阳普医疗"
"300031","宝通科技"
"300032","金龙机电"
"300033","同花顺"
"300034","钢研高纳"
"300035","中科电气"
"300036","超图软件"
"300037","新宙邦"
"300039","上海凯宝"
"300040","九洲集团"
"300041","回天新材"
"300042","朗科科技"
"300043","星辉娱乐"
"300044","赛为智能"
"300045","华力创通"
"300046","台基股份"
"300047","天源迪科"
"300048","合康新能"
"300049","福瑞股份"
"300050","世纪鼎利"
"300051","琏升科技"
"300052","中青宝"
"300053","航宇微"
"300054","鼎龙股份"
"300055","万邦达"
"300056","中创环保"
"300057","万顺新材"
"300058","蓝色光标"
"300059","东方财富"
"300061","旗天科技"
"300062","中能电气"
"300063","天龙集团"
"300065","海兰信"
"300066","三川智慧"
"300067","安诺其"
"300068","南都电源"
"300069","金利华电"
"300070","碧水源"
"300071","福石控股"
"300072","海新能科"
"300073","当升科技"
"300074","华平股份"
"300075","数字政通"
"300076","GQY视讯"
"300077","国民技术"
"300078","思创医惠"
"300079","数码视讯"
"300080","易成新能"
"300081","恒信东方"
"300082","奥克股份"
"300083","创世纪"
"300084","海默科技"
"300085","银之杰"
"300086","康芝药业"
"300087","荃银高科"
"300088","长信科技"
"300091","金通灵"
"300092","科新机电"
"300093","金刚光伏"
"300094","国联水产"
"300095","华伍股份"
"300096","ST易联众"
"300097","智云股份"
"300098","高新兴"
"300099","尤洛卡"
"300100","双林股份"
"300101","振芯科技"
"300102","乾照光电"
"300103","达刚控股"
"300105","龙源技术"
"300106","西部牧业"
"300107","建新股份"
"300108","*ST吉药"
"300109","新开源"
"300110","华仁药业"
"300111","向日葵"
"300112","万讯自控"
"300113","顺网科技"
"300114","中航电测"
"300115","长盈精密"
"300116","*ST保力"
"300117","*ST嘉寓"
"300118","东方日升"
"300119","瑞普生物"
"300120","经纬辉开"
"300121","阳谷华泰"
"300122","智飞生物"
"300123","亚光科技"
"300124","汇川技术"
"300125","ST聆达"
"300126","锐奇股份"
"300127","银河磁体"
"300128","锦富技术"
"300129","泰胜风能"
"300130","新国都"
"300131","英唐智控"
"300132","青松股份"
"300133","华策影视"
"300134","大富科技"
"300135","宝利国际"
"300136","信维通信"
"300137","先河环保"
"300138","晨光生物"
"300139","晓程科技"
"300140","节能环境"
"300141","和顺电气"
"300142","沃森生物"
"300143","盈康生命"
"300144","宋城演艺"
"300145","中金环境"
"300146","汤臣倍健"
"300147","香雪制药"
"300148","天舟文化"
"300149","睿智医药"
"300150","世纪瑞尔"
"300151","昌红科技"
"300152","新动力"
"300153","科泰电源"
"300154","瑞凌股份"
"300155","安居宝"
"300157","新锦动力"
"300158","振东制药"
"300159","新研股份"
"300160","秀强股份"
"300161","华中数控"
"300162","雷曼光电"
"300163","ST先锋"
"300164","通源石油"
"300165","天瑞仪器"
"300166","东方国信"
"300167","*ST迪威"
"300168","万达信息"
"300169","天晟新材"
"300170","汉得信息"
"300171","东富龙"
"300172","中电环保"
"300173","福能东方"
"300174","元力股份"
"300175","朗源股份"
"300176","派生科技"
"300177","中海达"
"300179","四方达"
"300180","华峰超纤"
"300181","佐力药业"
"300182","捷成股份"
"300183","东软载波"
"300184","力源信息"
"300185","通裕重工"
"300187","永清环保"
"300188","国投智能"
"300189","神农科技"
"300190","维尔利"
"300191","潜能恒信"
"300192","科德教育"
"300193","佳士科技"
"300194","福安药业"
"300195","长荣股份"
"300196","长海股份"
"300197","节能铁汉"
"300198","纳川股份"
"300199","翰宇药业"
"300200","高盟新材"
"300201","海伦哲"
"300203","聚光科技"
"300204","舒泰神"
"300205","ST天喻"
"300206","理邦仪器"
"300207","欣旺达"
"300208","*ST中程"
"300209","*ST有树"
"300210","森远股份"
"300211","亿通科技"
"300212","易华录"
"300213","佳讯飞鸿"
"300214","日科化学"
"300215","电科院"
"300217","东方电热"
"300218","安利股份"
"300219","鸿利智汇"
"300220","ST金运"
"300221","银禧科技"
"300222","科大智能"
"300223","北京君正"
"300224","正海磁材"
"300225","金力泰"
"300226","上海钢联"
"300227","光韵达"
"300228","富瑞特装"
"300229","拓尔思"
"300230","永利股份"
"300231","银信科技"
"300232","洲明科技"
"300233","金城医药"
"300234","开尔新材"
"300235","方直科技"
"300236","上海新阳"
"300237","美晨生态"
"300238","冠昊生物"
"300239","东宝生物"
"300240","飞力达"
"300241","瑞丰光电"
"300242","佳云科技"
"300243","瑞丰高材"
"300244","迪安诊断"
"300245","天玑科技"
"300246","宝莱特"
"300247","融捷健康"
"300248","新开普"
"300249","依米康"
"300250","初灵信息"
"300251","光线传媒"
"300252","金信诺"
"300253","卫宁健康"
"300254","仟源医药"
"300255","常山药业"
"300256","星星科技"
"300257","开山股份"
"300258","精锻科技"
"300259","新天科技"
"300260","新莱应材"
"300261","雅本化学"
"300262","*ST巴安"
"300263","隆华科技"
"300264","佳创视讯"
"300265","通光线缆"
"300266","兴源环境"
"300267","尔康制药"
"300268","*ST佳沃"
"300269","联建光电"
"300270","中威电子"
"300271","华宇软件"
"300272","开能健康"
"300274","阳光电源"
"300275","梅安森"
"300276","三丰智能"
"300277","海联讯"
"300278","华昌达"
"300279","和晶科技"
"300280","紫天科技"
"300281","金明精机"
"300282","*ST三盛"
"300283","温州宏丰"
"300284","苏交科"
"300285","国瓷材料"
"300286","安科瑞"
"300287","飞利信"
"300288","朗玛信息"
"300289","利德曼"
"300290","荣科科技"
"300291","百纳千成"
"300292","吴通控股"
"300293","蓝英装备"
"300294","博雅生物"
"300295","三六五网"
"300296","利亚德"
"300298","三诺生物"
"300299","富春股份"
"300300","海峡创新"
"300301","*ST长方"
"300302","同有科技"
"300303","聚飞光电"
"300304","云意电气"
"300305","裕兴股份"
"300306","远方信息"
"300307","慈星股份"
"300308","中际旭创"
"300310","宜通世纪"
"300311","任子行"
"300313","*ST天山"
"300314","戴维医疗"
"300315","掌趣科技"
"300316","晶盛机电"
"300317","珈伟新能"
"300318","博晖创新"
"300319","麦捷科技"
"300320","海达股份"
"300321","同大股份"
"300322","硕贝德"
"300323","华灿光电"
"300324","旋极信息"
"300326","凯利泰"
"300327","中颖电子"
"300328","宜安科技"
"300329","海伦钢琴"
"300331","苏大维格"
"300332","天壕能源"
"300333","兆日科技"
"300334","津膜科技"
"300335","迪森股份"
"300337","银邦股份"
"300338","*ST开元"
"300339","润和软件"
"300340","科恒股份"
"300341","麦克奥迪"
"300342","天银机电"
"300343","联创股份"
"300344","立方数科"
"300345","华民股份"
"300346","南大光电"
"300347","泰格医药"
"300348","长亮科技"
"300349","金卡智能"
"300350","华鹏飞"
"300351","永贵电器"
"300352","北信源"
"300353","东土科技"
"300354","东华测试"
"300355","蒙草生态"
"300357","我武生物"
"300358","楚天科技"
"300359","全通教育"
"300360","炬华科技"
"300363","博腾股份"
"300364","中文在线"
"300365","恒华科技"
"300366","创意信息"
"300368","汇金股份"
"300369","绿盟科技"
"300370","安控科技"
"300371","汇中股份"
"300373","扬杰科技"
"300374","中铁装配"
"300375","鹏翎股份"
"300376","易事特"
"300377","赢时胜"
"300378","鼎捷软件"
"300379","东方通"
"300380","安硕信息"
"300381","溢多利"
"300382","斯莱克"
"300383","光环新网"
"300384","三联虹普"
"300385","雪浪环境"
"300386","飞天诚信"
"300387","富邦股份"
"300388","节能国祯"
"300389","艾比森"
"300390","天华新能"
"300391","长药控股"
"300393","中来股份"
"300394","天孚通信"
"300395","菲利华"
"300396","迪瑞医疗"
"300397","天和防务"
"300398","飞凯材料"
"300399","天利科技"
"300400","劲拓股份"
"300401","花园生物"
"300402","宝色股份"
"300403","汉宇集团"
"300404","博济医药"
"300405","科隆股份"
"300406","九强生物"
"300407","凯发电气"
"300408","三环集团"
"300409","道氏技术"
"300410","正业科技"
"300411","金盾股份"
"300412","迦南科技"
"300413","芒果超媒"
"300414","中光防雷"
"300415","伊之密"
"300416","苏试试验"
"300417","南华仪器"
"300418","昆仑万维"
"300419","浩丰科技"
"300420","五洋自控"
"300421","力星股份"
"300422","博世科"
"300423","昇辉科技"
"300424","航新科技"
"300425","中建环能"
"300426","唐德影视"
"300427","*ST红相"
"300428","立中集团"
"300429","强力新材"
"300430","诚益通"
"300432","富临精工"
"300433","蓝思科技"
"300434","金石亚药"
"300435","中泰股份"
"300436","广生堂"
"300437","清水源"
"300438","鹏辉能源"
"300439","美康生物"
"300440","运达科技"
"300441","鲍斯股份"
"300442","润泽科技"
"300443","金雷股份"
"300444","双杰电气"
"300445","康斯特"
"300446","航天智造"
"300447","全信股份"
"300448","浩云科技"
"300449","汉邦高科"
"300450","先导智能"
"300451","创业慧康"
"300452","山河药辅"
"300453","三鑫医疗"
"300454","深信服"
"300455","航天智装"
"300456","赛微电子"
"300457","赢合科技"
"300458","全志科技"
"300459","汤姆猫"
"300460","惠伦晶体"
"300461","田中精机"
"300462","华铭智能"
"300463","迈克生物"
"300464","星徽股份"
"300465","高伟达"
"300466","赛摩智能"
"300467","迅游科技"
"300468","四方精创"
"300469","信息发展"
"300470","中密控股"
"300471","厚普股份"
"300472","新元科技"
"300473","德尔股份"
"300474","景嘉微"
"300475","香农芯创"
"300476","胜宏科技"
"300477","合纵科技"
"300478","杭州高新"
"300479","神思电子"
"300480","光力科技"
"300481","濮阳惠成"
"300482","万孚生物"
"300483","首华燃气"
"300484","蓝海华腾"
"300485","赛升药业"
"300486","东杰智能"
"300487","蓝晓科技"
"300488","恒锋工具"
"300489","光智科技"
"300490","华自科技"
"300491","通合科技"
"300492","华图山鼎"
"300493","润欣科技"
"300494","盛天网络"
"300495","*ST美尚"
"300496","中科创达"
"300497","富祥药业"
"300498","温氏股份"
"300499","高澜股份"
"300500","启迪设计"
"300501","海顺新材"
"300502","新易盛"
"300503","昊志机电"
"300504","天邑股份"
"300505","川金诺"
"300506","*ST名家"
"300507","苏奥传感"
"300508","维宏股份"
"300509","新美星"
"300510","金冠股份"
"300511","雪榕生物"
"300512","中亚股份"
"300513","恒实科技"
"300514","友讯达"
"300515","三德科技"
"300516","久之洋"
"300517","海波重科"
"300518","新迅达"
"300519","新光药业"
"300520","科大国创"
"300521","爱司凯"
"300522","世名科技"
"300523","辰安科技"
"300525","博思软件"
"300527","中船应急"
"300528","幸福蓝海"
"300529","健帆生物"
"300530","领湃科技"
"300531","优博讯"
"300532","今天国际"
"300533","冰川网络"
"300534","陇神戎发"
"300535","达威股份"
"300536","*ST农尚"
"300537","广信材料"
"300538","同益股份"
"300539","横河精密"
"300540","蜀道装备"
"300541","先进数通"
"300542","新晨科技"
"300543","朗科智能"
"300545","联得装备"
"300546","雄帝科技"
"300547","川环科技"
"300548","博创科技"
"300549","优德精密"
"300550","和仁科技"
"300551","古鳌科技"
"300552","万集科技"
"300553","集智股份"
"300554","三超新材"
"300555","ST路通"
"300556","丝路视觉"
"300557","理工光科"
"300558","贝达药业"
"300559","佳发教育"
"300560","中富通"
"300561","汇金科技"
"300562","乐心医疗"
"300563","神宇股份"
"300564","筑博设计"
"300565","科信技术"
"300566","激智科技"
"300567","精测电子"
"300568","星源材质"
"300569","天能重工"
"300570","太辰光"
"300571","平治信息"
"300572","安车检测"
"300573","兴齐眼药"
"300575","中旗股份"
"300576","容大感光"
"300577","开润股份"
"300578","会畅通讯"
"300579","数字认证"
"300580","贝斯特"
"300581","晨曦航空"
"300582","英飞特"
"300583","赛托生物"
"300584","海辰药业"
"300585","奥联电子"
"300586","美联新材"
"300587","天铁股份"
"300588","熙菱信息"
"300589","江龙船艇"
"300590","移为通信"
"300591","万里马"
"300592","华凯易佰"
"300593","新雷能"
"300594","朗进科技"
"300595","欧普康视"
"300596","利安隆"
"300597","吉大通信"
"300598","诚迈科技"
"300599","雄塑科技"
"300600","国瑞科技"
"300601","康泰生物"
"300602","飞荣达"
"300603","立昂技术"
"300604","长川科技"
"300605","恒锋信息"
"300606","金太阳"
"300607","拓斯达"
"300608","思特奇"
"300609","汇纳科技"
"300610","晨化股份"
"300611","美力科技"
"300612","宣亚国际"
"300613","富瀚微"
"300614","百川畅银"
"300615","欣天科技"
"300616","尚品宅配"
"300617","安靠智电"
"300618","寒锐钴业"
"300619","金银河"
"300620","光库科技"
"300621","维业股份"
"300622","博士眼镜"
"300623","捷捷微电"
"300624","万兴科技"
"300625","三雄极光"
"300626","华瑞股份"
"300627","华测导航"
"300628","亿联网络"
"300629","新劲刚"
"300630","普利制药"
"300631","久吾高科"
"300632","光莆股份"
"300633","开立医疗"
"300634","彩讯股份"
"300635","中达安"
"300636","同和药业"
"300637","扬帆新材"
"300638","广和通"
"300639","凯普生物"
"300640","德艺文创"
"300641","正丹股份"
"300642","透景生命"
"300643","万通智控"
"300644","南京聚隆"
"300645","正元智慧"
"300647","超频三"
"300648","星云股份"
"300649","杭州园林"
"300650","太龙股份"
"300651","金陵体育"
"300652","雷迪克"
"300653","正海生物"
"300654","世纪天鸿"
"300655","晶瑞电材"
"300656","民德电子"
"300657","弘信电子"
"300658","延江股份"
"300659","中孚信息"
"300660","江苏雷利"
"300661","圣邦股份"
"300662","科锐国际"
"300663","科蓝软件"
"300664","鹏鹞环保"
"300665","飞鹿股份"
"300666","江丰电子"
"300667","必创科技"
"300668","杰恩设计"
"300669","沪宁股份"
"300670","大烨智能"
"300671","富满微"
"300672","国科微"
"300673","佩蒂股份"
"300674","宇信科技"
"300675","建科院"
"300676","华大基因"
"300677","英科医疗"
"300678","中科信息"
"300679","电连技术"
"300680","隆盛科技"
"300681","英搏尔"
"300682","朗新集团"
"300683","海特生物"
"300684","中石科技"
"300685","艾德生物"
"300686","智动力"
"300687","赛意信息"
"300688","创业黑马"
"300689","澄天伟业"
"300690","双一科技"
"300691","联合光电"
"300692","中环环保"
"300693","盛弘股份"
"300694","蠡湖股份"
"300695","兆丰股份"
"300696","爱乐达"
"300697","电工合金"
"300698","万马科技"
"300699","光威复材"
"300700","岱勒新材"
"300701","森霸传感"
"300702","天宇股份"
"300703","创源股份"
"300705","九典制药"
"300706","阿石创"
"300707","威唐工业"
"300708","聚灿光电"
"300709","精研科技"
"300710","万隆光电"
"300711","广哈通信"
"300712","永福股份"
"300713","英可瑞"
"300715","凯伦股份"
"300716","泉为科技"
"300717","华信新材"
"300718","长盛轴承"
"300719","安达维尔"
"300720","海川智能"
"300721","怡达股份"
"300722","新余国科"
"300723","一品红"
"300724","捷佳伟创"
"300725","药石科技"
"300726","宏达电子"
"300727","润禾材料"
"300729","乐歌股份"
"300730","科创信息"
"300731","科创新源"
"300732","设研院"
"300733","西菱动力"
"300735","光弘科技"
"300736","百邦科技"
"300737","科顺股份"
"300738","奥飞数据"
"300739","明阳电路"
"300740","水羊股份"
"300741","华宝股份"
"300742","*ST越博"
"300743","天地数码"
"300745","欣锐科技"
"300746","汉嘉设计"
"300747","锐科激光"
"300748","金力永磁"
"300749","顶固集创"
"300750","宁德时代"
"300751","迈为股份"
"300752","隆利科技"
"300753","爱朋医疗"
"300755","华致酒行"
"300756","金马游乐"
"300757","罗博特科"
"300758","七彩化学"
"300759","康龙化成"
"300760","迈瑞医疗"
"300761","立华股份"
"300762","上海瀚讯"
"300763","锦浪科技"
"300765","新诺威"
"300766","每日互动"
"300767","震安科技"
"300768","迪普科技"
"300769","德方纳米"
"300770","新媒股份"
"300771","智莱科技"
"300772","运达股份"
"300773","拉卡拉"
"300774","倍杰特"
"300775","三角防务"
"300776","帝尔激光"
"300777","中简科技"
"300778","新城市"
"300779","惠城环保"
"300780","德恩精工"
"300781","因赛集团"
"300782","卓胜微"
"300783","三只松鼠"
"300785","值得买"
"300786","国林科技"
"300787","海能实业"
"300788","中信出版"
"300789","唐源电气"
"300790","宇瞳光学"
"300791","仙乐健康"
"300792","壹网壹创"
"300793","佳禾智能"
"300795","米奥会展"
"300796","贝斯美"
"300797","钢研纳克"
"300798","锦鸡股份"
"300799","*ST左江"
"300800","力合科技"
"300801","泰和科技"
"300802","矩子科技"
"300803","指南针"
"300804","广康生化"
"300805","电声股份"
"300806","斯迪克"
"300807","天迈科技"
"300808","久量股份"
"300809","华辰装备"
"300810","中科海讯"
"300811","铂科新材"
"300812","易天股份"
"300813","泰林生物"
"300814","中富电路"
"300815","玉禾田"
"300816","艾可蓝"
"300817","双飞集团"
"300818","耐普矿机"
"300819","聚杰微纤"
"300820","英杰电气"
"300821","东岳硅材"
"300822","贝仕达克"
"300823","建科机械"
"300824","北鼎股份"
"300825","阿尔特"
"300826","测绘股份"
"300827","上能电气"
"300828","锐新科技"
"300829","金丹科技"
"300830","金现代"
"300831","派瑞股份"
"300832","新产业"
"300833","浩洋股份"
"300834","星辉环材"
"300835","龙磁科技"
"300836","佰奥智能"
"300837","浙矿股份"
"300838","浙江力诺"
"300839","博汇股份"
"300840","酷特智能"
"300841","康华生物"
"300842","帝科股份"
"300843","胜蓝股份"
"300844","山水比德"
"300845","捷安高科"
"300846","首都在线"
"300847","中船汉光"
"300848","美瑞新材"
"300849","锦盛新材"
"300850","新强联"
"300851","交大思诺"
"300852","四会富仕"
"300853","申昊科技"
"300854","中兰环保"
"300855","图南股份"
"300856","科思股份"
"300857","协创数据"
"300858","科拓生物"
"300859","*ST西域"
"300860","锋尚文化"
"300861","美畅股份"
"300862","蓝盾光电"
"300863","卡倍亿"
"300864","南大环境"
"300865","大宏立"
"300866","安克创新"
"300867","圣元环保"
"300868","杰美特"
"300869","康泰医学"
"300870","欧陆通"
"300871","回盛生物"
"300872","天阳科技"
"300873","海晨股份"
"300875","捷强装备"
"300876","蒙泰高新"
"300877","金春股份"
"300878","维康药业"
"300879","大叶股份"
"300880","迦南智能"
"300881","盛德鑫泰"
"300882","万胜智能"
"300883","龙利得"
"300884","狄耐克"
"300885","海昌新材"
"300886","华业香料"
"300887","谱尼测试"
"300888","稳健医疗"
"300889","爱克股份"
"300890","翔丰华"
"300891","惠云钛业"
"300892","品渥食品"
"300893","松原股份"
"300894","火星人"
"300895","铜牛信息"
"300896","爱美客"
"300897","山科智能"
"300898","熊猫乳品"
"300899","上海凯鑫"
"300900","广联航空"
"300901","中胤时尚"
"300902","国安达"
"300903","科翔股份"
"300904","威力传动"
"300905","宝丽迪"
"300906","日月明"
"300907","康平科技"
"300908","仲景食品"
"300909","汇创达"
"300910","瑞丰新材"
"300911","亿田智能"
"300912","凯龙高科"
"300913","兆龙互连"
"300915","海融科技"
"300916","朗特智能"
"300917","特发服务"
"300918","南山智尚"
"300919","中伟股份"
"300920","润阳科技"
"300921","南凌科技"
"300922","天秦装备"
"300923","研奥股份"
"300925","法本信息"
"300926","博俊科技"
"300927","江天化学"
"300928","华安鑫创"
"300929","华骐环保"
"300930","屹通新材"
"300931","通用电梯"
"300932","三友联众"
"300933","中辰股份"
"300935","盈建科"
"300936","中英科技"
"300937","药易购"
"300938","信测标准"
"300939","秋田微"
"300940","南极光"
"300941","创识科技"
"300942","易瑞生物"
"300943","春晖智控"
"300945","曼卡龙"
"300946","恒而达"
"300947","德必集团"
"300948","冠中生态"
"300949","奥雅股份"
"300950","德固特"
"300951","博硕科技"
"300952","恒辉安防"
"300953","震裕科技"
"300955","嘉亨家化"
"300956","英力股份"
"300957","贝泰妮"
"300958","建工修复"
"300959","线上线下"
"300960","通业科技"
"300961","深水海纳"
"300962","中金辐照"
"300963","中洲特材"
"300964","本川智能"
"300965","*ST恒宇"
"300966","共同药业"
"300967","晓鸣股份"
"300968","格林精密"
"300969","恒帅股份"
"300970","华绿生物"
"300971","博亚精工"
"300972","万辰集团"
"300973","立高食品"
"300975","商络电子"
"300976","达瑞电子"
"300977","深圳瑞捷"
"300978","东箭科技"
"300979","华利集团"
"300980","祥源新材"
"300981","中红医疗"
"300982","苏文电能"
"300983","尤安设计"
"300984","金沃股份"
"300985","致远新能"
"300986","志特新材"
"300987","川网传媒"
"300988","津荣天宇"
"300989","蕾奥规划"
"300990","同飞股份"
"300991","创益通"
"300992","泰福泵业"
"300993","玉马遮阳"
"300994","久祺股份"
"300995","奇德新材"
"300996","普联软件"
"300997","欢乐家"
"300998","宁波方正"
"300999","金龙鱼"
"301000","肇民科技"
"301001","凯淳股份"
"301002","崧盛股份"
"301003","江苏博云"
"301004","嘉益股份"
"301005","超捷股份"
"301006","迈拓股份"
"301007","德迈仕"
"301008","宏昌科技"
"301009","可靠股份"
"301010","晶雪节能"
"301011","华立科技"
"301012","扬电科技"
"301013","利和兴"
"301015","百洋医药"
"301016","雷尔伟"
"301017","漱玉平民"
"301018","申菱环境"
"301019","宁波色母"
"301020","密封科技"
"301021","英诺激光"
"301022","海泰科"
"301023","江南奕帆"
"301024","霍普股份"
"301025","读客文化"
"301026","浩通科技"
"301027","华蓝集团"
"301028","东亚机械"
"301029","怡合达"
"301030","仕净科技"
"301031","中熔电气"
"301032","新柴股份"
"301033","迈普医学"
"301035","润丰股份"
"301036","双乐股份"
"301037","保立佳"
"301038","深水规院"
"301039","中集车辆"
"301040","中环海陆"
"301041","金百泽"
"301042","安联锐视"
"301043","绿岛风"
"301045","天禄科技"
"301046","能辉科技"
"301047","义翘神州"
"301048","金鹰重工"
"301049","超越科技"
"301050","雷电微力"
"301051","信濠光电"
"301052","果麦文化"
"301053","远信工业"
"301055","张小泉"
"301056","森赫股份"
"301057","汇隆新材"
"301058","中粮科工"
"301059","金三江"
"301060","兰卫医学"
"301061","匠心家居"
"301062","上海艾录"
"301063","海锅股份"
"301065","本立科技"
"301066","万事利"
"301067","显盈科技"
"301068","大地海洋"
"301069","凯盛新材"
"301070","开勒股份"
"301071","力量钻石"
"301072","中捷精工"
"301073","君亭酒店"
"301075","多瑞医药"
"301076","新瀚新材"
"301077","星华新材"
"301078","孩子王"
"301079","邵阳液压"
"301080","百普赛斯"
"301081","严牌股份"
"301082","久盛电气"
"301083","百胜智能"
"301085","亚康股份"
"301086","鸿富瀚"
"301087","可孚医疗"
"301088","戎美股份"
"301089","拓新药业"
"301090","华润材料"
"301091","深城交"
"301092","争光股份"
"301093","华兰股份"
"301095","广立微"
"301096","百诚医药"
"301097","天益医疗"
"301098","金埔园林"
"301099","雅创电子"
"301100","风光股份"
"301101","明月镜片"
"301102","兆讯传媒"
"301103","何氏眼科"
"301105","鸿铭股份"
"301106","骏成科技"
"301107","瑜欣电子"
"301108","洁雅股份"
"301109","军信股份"
"301110","青木股份"
"301111","粤万年青"
"301112","信邦智能"
"301113","雅艺科技"
"301115","建科股份"
"301116","益客食品"
"301117","佳缘科技"
"301118","恒光股份"
"301119","正强股份"
"301120","新特电气"
"301121","紫建电子"
"301122","采纳股份"
"301123","奕东电子"
"301125","腾亚精工"
"301126","达嘉维康"
"301127","天源环保"
"301128","强瑞技术"
"301129","瑞纳智能"
"301130","西点药业"
"301131","聚赛龙"
"301132","满坤科技"
"301133","金钟股份"
"301135","瑞德智能"
"301136","招标股份"
"301137","哈焊华通"
"301138","华研精机"
"301139","元道通信"
"301141","中科磁业"
"301148","嘉戎技术"
"301149","隆华新材"
"301150","中一科技"
"301151","冠龙节能"
"301152","天力锂能"
"301153","中科江南"
"301155","海力风电"
"301156","美农生物"
"301157","华塑科技"
"301158","德石股份"
"301159","三维天地"
"301160","翔楼新材"
"301161","唯万密封"
"301162","国能日新"
"301163","宏德股份"
"301165","锐捷网络"
"301166","优宁维"
"301167","建研设计"
"301168","通灵股份"
"301169","零点有数"
"301170","锡南科技"
"301171","易点天下"
"301172","君逸数码"
"301175","中科环保"
"301176","逸豪新材"
"301177","迪阿股份"
"301178","天亿马"
"301179","泽宇智能"
"301180","万祥科技"
"301181","标榜股份"
"301182","凯旺科技"
"301183","东田微"
"301185","鸥玛软件"
"301186","超达装备"
"301187","欧圣电气"
"301188","力诺特玻"
"301189","奥尼电子"
"301190","善水科技"
"301191","菲菱科思"
"301192","泰祥股份"
"301193","家联科技"
"301195","北路智控"
"301196","唯科科技"
"301197","工大科雅"
"301198","喜悦智行"
"301199","迈赫股份"
"301200","大族数控"
"301201","诚达药业"
"301202","朗威股份"
"301203","国泰环保"
"301205","联特科技"
"301206","三元生物"
"301207","华兰疫苗"
"301208","中亦科技"
"301209","联合化学"
"301210","金杨股份"
"301211","亨迪药业"
"301212","联盛化学"
"301213","观想科技"
"301215","中汽股份"
"301216","万凯新材"
"301217","铜冠铜箔"
"301218","华是科技"
"301219","腾远钴业"
"301220","亚香股份"
"301221","光庭信息"
"301222","浙江恒威"
"301223","中荣股份"
"301225","恒勃股份"
"301226","祥明智能"
"301227","森鹰窗业"
"301228","实朴检测"
"301229","纽泰格"
"301230","泓博医药"
"301231","荣信文化"
"301232","飞沃科技"
"301233","盛帮股份"
"301234","五洲医疗"
"301235","华康医疗"
"301236","软通动力"
"301237","和顺科技"
"301238","瑞泰新材"
"301239","普瑞眼科"
"301246","宏源药业"
"301248","杰创智能"
"301251","威尔高"
"301252","同星科技"
"301255","通力科技"
"301256","华融化学"
"301257","普蕊斯"
"301258","富士莱"
"301259","艾布鲁"
"301260","格力博"
"301261","恒工精密"
"301262","海看股份"
"301263","泰恩康"
"301265","华新环保"
"301266","宇邦新材"
"301267","华厦眼科"
"301268","铭利达"
"301269","华大九天"
"301270","汉仪股份"
"301272","英华特"
"301273","瑞晨环保"
"301276","嘉曼服饰"
"301277","新天地"
"301278","快可电子"
"301279","金道科技"
"301280","珠城科技"
"301281","科源制药"
"301282","金禄电子"
"301283","聚胶股份"
"301285","鸿日达"
"301286","侨源股份"
"301287","康力源"
"301288","清研环境"
"301289","国缆检测"
"301290","东星医疗"
"301291","明阳电气"
"301292","海科新源"
"301293","三博脑科"
"301295","美硕科技"
"301296","新巨丰"
"301297","富乐德"
"301298","东利机械"
"301299","卓创资讯"
"301300","远翔新材"
"301301","川宁生物"
"301302","华如科技"
"301303","真兰仪表"
"301305","朗坤环境"
"301306","西测测试"
"301307","美利信"
"301308","江波龙"
"301309","万得凯"
"301310","鑫宏业"
"301311","昆船智能"
"301312","智立方"
"301313","凡拓数创"
"301314","科瑞思"
"301315","威士顿"
"301316","慧博云通"
"301317","鑫磊股份"
"301318","维海德"
"301319","唯特偶"
"301320","豪江智能"
"301321","翰博高新"
"301322","绿通科技"
"301323","新莱福"
"301325","曼恩斯特"
"301326","捷邦科技"
"301327","华宝新能"
"301328","维峰电子"
"301329","信音电子"
"301330","熵基科技"
"301331","恩威医药"
"301332","德尔玛"
"301333","诺思格"
"301335","天元宠物"
"301336","趣睡科技"
"301337","亚华电子"
"301338","凯格精机"
"301339","通行宝"
"301345","涛涛车业"
"301348","蓝箭电子"
"301349","信德新材"
"301353","普莱得"
"301355","南王科技"
"301356","天振股份"
"301357","北方长龙"
"301358","湖南裕能"
"301359","东南电子"
"301360","荣旗科技"
"301361","众智科技"
"301362","民爆光电"
"301363","美好医疗"
"301365","矩阵股份"
"301366","一博科技"
"301367","怡和嘉业"
"301368","丰立智能"
"301369","联动科技"
"301370","国科恒泰"
"301371","敷尔佳"
"301372","科净源"
"301373","凌玮科技"
"301376","致欧科技"
"301377","鼎泰高科"
"301378","通达海"
"301379","天山电子"
"301380","挖金客"
"301381","赛维时代"
"301382","蜂助手"
"301383","天键股份"
"301386","未来电器"
"301387","光大同创"
"301388","欣灵电气"
"301389","隆扬电子"
"301390","经纬股份"
"301391","卡莱特"
"301393","昊帆生物"
"301395","仁信新材"
"301396","宏景科技"
"301397","溯联股份"
"301398","星源卓镁"
"301399","英特科技"
"301408","华人健康"
"301413","安培龙"
"301418","协昌科技"
"301419","阿莱德"
"301421","波长光电"
"301428","世纪恒通"
"301429","森泰股份"
"301439","泓淋电力"
"301446","福事特"
"301448","开创电气"
"301456","盘古智能"
"301459","丰茂股份"
"301468","博盈特焊"
"301469","恒达新材"
"301486","致尚科技"
"301487","盟固利"
"301488","豪恩汽电"
"301489","思泉新材"
"301498","乖宝宠物"
"301499","维科精密"
"301500","飞南资源"
"301502","华阳智能"
"301503","智迪科技"
"301505","苏州规划"
"301507","民生健康"
"301508","中机认检"
"301509","金凯生科"
"301510","固高科技"
"301511","德福科技"
"301512","智信精密"
"301515","港通医疗"
"301516","中远通"
"301517","陕西华达"
"301518","长华化学"
"301519","舜禹股份"
"301520","万邦医药"
"301525","儒竞科技"
"301526","国际复材"
"301528","多浦乐"
"301529","福赛科技"
"301533","威马农机"
"301536","星宸科技"
"301538","骏鼎达"
"301539","宏鑫科技"
"301548","崇德科技"
"301550","斯菱股份"
"301555","惠柏新材"
"301558","三态股份"
"301559","中集环科"
"301566","达利凯普"
"301567","贝隆精密"
"301568","思泰克"
"301577","美信科技"
"301578","辰奕智能"
"301587","中瑞股份"
"301588","美新科技"
"301589","诺瓦星云"
"301591","肯特股份"